label,pixel0,pixel1,pixel2,pixel3,pixel4,pixel5,pixel6,pixel7,pixel8,pixel9,pixel10,pixel11,pixel12,pixel13,pixel14,pixel15,pixel16,pixel17,pixel18,pixel19,pixel20,pixel21,pixel22,pixel23,pixel24,pixel25,pixel26,pixel27,pixel28,pixel29,pixel30,pixel31,pixel32,pixel33,pixel34,pixel35,pixel36,pixel37,pixel38,pixel39,pixel40,pixel41,pixel42,pixel43,pixel44,pixel45,pixel46,pixel47,pixel48,pixel49,pixel50,pixel51,pixel52,pixel53,pixel54,pixel55,pixel56,pixel57,pixel58,pixel59,pixel60,pixel61,pixel62,pixel63,pixel64,pixel65,pixel66,pixel67,pixel68,pixel69,pixel70,pixel71,pixel72,pixel73,pixel74,pixel75,pixel76,pixel77,pixel78,pixel79,pixel80,pixel81,pixel82,pixel83,pixel84,pixel85,pixel86,pixel87,pixel88,pixel89,pixel90,pixel91,pixel92,pixel93,pixel94,pixel95,pixel96,pixel97,pixel98,pixel99,pixel100,pixel101,pixel102,pixel103,pixel104,pixel105,pixel106,pixel107,pixel108,pixel109,pixel110,pixel111,pixel112,pixel113,pixel114,pixel115,pixel116,pixel117,pixel118,pixel119,pixel120,pixel121,pixel122,pixel123,pixel124,pixel125,pixel126,pixel127,pixel128,pixel129,pixel130,pixel131,pixel132,pixel133,pixel134,pixel135,pixel136,pixel137,pixel138,pixel139,pixel140,pixel141,pixel142,pixel143,pixel144,pixel145,pixel146,pixel147,pixel148,pixel149,pixel150,pixel151,pixel152,pixel153,pixel154,pixel155,pixel156,pixel157,pixel158,pixel159,pixel160,pixel161,pixel162,pixel163,pixel164,pixel165,pixel166,pixel167,pixel168,pixel169,pixel170,pixel171,pixel172,pixel173,pixel174,pixel175,pixel176,pixel177,pixel178,pixel179,pixel180,pixel181,pixel182,pixel183,pixel184,pixel185,pixel186,pixel187,pixel188,pixel189,pixel190,pixel191,pixel192,pixel193,pixel194,pixel195,pixel196,pixel197,pixel198,pixel199,pixel200,pixel201,pixel202,pixel203,pixel204,pixel205,pixel206,pixel207,pixel208,pixel209,pixel210,pixel211,pixel212,pixel213,pixel214,pixel215,pixel216,pixel217,pixel218,pixel219,pixel220,pixel221,pixel222,pixel223,pixel224,pixel225,pixel226,pixel227,pixel228,pixel229,pixel230,pixel231,pixel232,pixel233,pixel234,pixel235,pixel236,pixel237,pixel238,pixel239,pixel240,pixel241,pixel242,pixel243,pixel244,pixel245,pixel246,pixel247,pixel248,pixel249,pixel250,pixel251,pixel252,pixel253,pixel254,pixel255,pixel256,pixel257,pixel258,pixel259,pixel260,pixel261,pixel262,pixel263,pixel264,pixel265,pixel266,pixel267,pixel268,pixel269,pixel270,pixel271,pixel272,pixel273,pixel274,pixel275,pixel276,pixel277,pixel278,pixel279,pixel280,pixel281,pixel282,pixel283,pixel284,pixel285,pixel286,pixel287,pixel288,pixel289,pixel290,pixel291,pixel292,pixel293,pixel294,pixel295,pixel296,pixel297,pixel298,pixel299,pixel300,pixel301,pixel302,pixel303,pixel304,pixel305,pixel306,pixel307,pixel308,pixel309,pixel310,pixel311,pixel312,pixel313,pixel314,pixel315,pixel316,pixel317,pixel318,pixel319,pixel320,pixel321,pixel322,pixel323,pixel324,pixel325,pixel326,pixel327,pixel328,pixel329,pixel330,pixel331,pixel332,pixel333,pixel334,pixel335,pixel336,pixel337,pixel338,pixel339,pixel340,pixel341,pixel342,pixel343,pixel344,pixel345,pixel346,pixel347,pixel348,pixel349,pixel350,pixel351,pixel352,pixel353,pixel354,pixel355,pixel356,pixel357,pixel358,pixel359,pixel360,pixel361,pixel362,pixel363,pixel364,pixel365,pixel366,pixel367,pixel368,pixel369,pixel370,pixel371,pixel372,pixel373,pixel374,pixel375,pixel376,pixel377,pixel378,pixel379,pixel380,pixel381,pixel382,pixel383,pixel384,pixel385,pixel386,pixel387,pixel388,pixel389,pixel390,pixel391,pixel392,pixel393,pixel394,pixel395,pixel396,pixel397,pixel398,pixel399,pixel400,pixel401,pixel402,pixel403,pixel404,pixel405,pixel406,pixel407,pixel408,pixel409,pixel410,pixel411,pixel412,pixel413,pixel414,pixel415,pixel416,pixel417,pixel418,pixel419,pixel420,pixel421,pixel422,pixel423,pixel424,pixel425,pixel426,pixel427,pixel428,pixel429,pixel430,pixel431,pixel432,pixel433,pixel434,pixel435,pixel436,pixel437,pixel438,pixel439,pixel440,pixel441,pixel442,pixel443,pixel444,pixel445,pixel446,pixel447,pixel448,pixel449,pixel450,pixel451,pixel452,pixel453,pixel454,pixel455,pixel456,pixel457,pixel458,pixel459,pixel460,pixel461,pixel462,pixel463,pixel464,pixel465,pixel466,pixel467,pixel468,pixel469,pixel470,pixel471,pixel472,pixel473,pixel474,pixel475,pixel476,pixel477,pixel478,pixel479,pixel480,pixel481,pixel482,pixel483,pixel484,pixel485,pixel486,pixel487,pixel488,pixel489,pixel490,pixel491,pixel492,pixel493,pixel494,pixel495,pixel496,pixel497,pixel498,pixel499,pixel500,pixel501,pixel502,pixel503,pixel504,pixel505,pixel506,pixel507,pixel508,pixel509,pixel510,pixel511,pixel512,pixel513,pixel514,pixel515,pixel516,pixel517,pixel518,pixel519,pixel520,pixel521,pixel522,pixel523,pixel524,pixel525,pixel526,pixel527,pixel528,pixel529,pixel530,pixel531,pixel532,pixel533,pixel534,pixel535,pixel536,pixel537,pixel538,pixel539,pixel540,pixel541,pixel542,pixel543,pixel544,pixel545,pixel546,pixel547,pixel548,pixel549,pixel550,pixel551,pixel552,pixel553,pixel554,pixel555,pixel556,pixel557,pixel558,pixel559,pixel560,pixel561,pixel562,pixel563,pixel564,pixel565,pixel566,pixel567,pixel568,pixel569,pixel570,pixel571,pixel572,pixel573,pixel574,pixel575,pixel576,pixel577,pixel578,pixel579,pixel580,pixel581,pixel582,pixel583,pixel584,pixel585,pixel586,pixel587,pixel588,pixel589,pixel590,pixel591,pixel592,pixel593,pixel594,pixel595,pixel596,pixel597,pixel598,pixel599,pixel600,pixel601,pixel602,pixel603,pixel604,pixel605,pixel606,pixel607,pixel608,pixel609,pixel610,pixel611,pixel612,pixel613,pixel614,pixel615,pixel616,pixel617,pixel618,pixel619,pixel620,pixel621,pixel622,pixel623,pixel624,pixel625,pixel626,pixel627,pixel628,pixel629,pixel630,pixel631,pixel632,pixel633,pixel634,pixel635,pixel636,pixel637,pixel638,pixel639,pixel640,pixel641,pixel642,pixel643,pixel644,pixel645,pixel646,pixel647,pixel648,pixel649,pixel650,pixel651,pixel652,pixel653,pixel654,pixel655,pixel656,pixel657,pixel658,pixel659,pixel660,pixel661,pixel662,pixel663,pixel664,pixel665,pixel666,pixel667,pixel668,pixel669,pixel670,pixel671,pixel672,pixel673,pixel674,pixel675,pixel676,pixel677,pixel678,pixel679,pixel680,pixel681,pixel682,pixel683,pixel684,pixel685,pixel686,pixel687,pixel688,pixel689,pixel690,pixel691,pixel692,pixel693,pixel694,pixel695,pixel696,pixel697,pixel698,pixel699,pixel700,pixel701,pixel702,pixel703,pixel704,pixel705,pixel706,pixel707,pixel708,pixel709,pixel710,pixel711,pixel712,pixel713,pixel714,pixel715,pixel716,pixel717,pixel718,pixel719,pixel720,pixel721,pixel722,pixel723,pixel724,pixel725,pixel726,pixel727,pixel728,pixel729,pixel730,pixel731,pixel732,pixel733,pixel734,pixel735,pixel736,pixel737,pixel738,pixel739,pixel740,pixel741,pixel742,pixel743,pixel744,pixel745,pixel746,pixel747,pixel748,pixel749,pixel750,pixel751,pixel752,pixel753,pixel754,pixel755,pixel756,pixel757,pixel758,pixel759,pixel760,pixel761,pixel762,pixel763,pixel764,pixel765,pixel766,pixel767,pixel768,pixel769,pixel770,pixel771,pixel772,pixel773,pixel774,pixel775,pixel776,pixel777,pixel778,pixel779,pixel780,pixel781,pixel782,pixel783
0,0,0,0,1,0,2,2,12,16,9,15,20,29,47,65,92,114,115,67,32,17,1,0,0,0,0,0,2,0,0,0,0,1,0,0,44,84,99,126,137,158,176,210,220,237,234,182,151,98,39,3,0,0,2,0,0,0,3,4,4,2,0,26,134,214,235,234,239,241,248,246,255,249,252,248,244,205,117,19,5,0,0,0,0,0,6,0,0,2,16,102,215,254,254,254,249,250,253,255,252,249,254,249,250,234,168,64,2,0,0,4,0,1,0,3,0,17,77,195,250,255,255,251,255,251,252,255,252,250,252,253,250,247,230,152,35,0,0,4,0,5,2,5,1,51,159,232,254,249,254,252,255,252,255,255,255,255,251,251,251,255,238,191,56,3,2,4,0,2,0,0,17,63,199,245,255,255,255,255,255,255,249,255,254,255,249,255,255,255,252,211,75,14,0,0,5,5,3,0,3,49,186,246,255,251,255,255,255,255,255,250,255,255,255,255,252,251,252,232,107,14,0,0,0,1,5,0,5,32,159,244,255,255,254,255,255,251,255,252,255,255,254,252,253,254,252,233,119,18,3,3,1,0,4,0,6,17,145,243,255,255,255,254,250,255,251,251,255,250,254,255,253,249,255,235,134,17,0,2,0,0,0,0,2,21,127,235,253,249,255,252,255,255,252,251,250,250,251,250,253,251,254,239,159,31,0,0,5,0,1,1,5,15,103,232,255,251,255,255,252,250,255,254,255,255,251,249,255,255,255,247,169,43,5,0,0,0,4,0,2,11,85,217,255,255,255,255,255,249,252,255,255,255,255,250,255,253,255,242,204,70,7,3,0,4,0,6,0,5,62,199,245,255,252,255,255,254,249,255,254,255,253,255,255,255,255,252,215,93,10,0,3,0,0,0,0,0,44,179,243,255,255,251,255,250,255,255,254,249,255,249,255,255,252,255,227,112,18,6,3,0,0,1,2,2,26,147,242,255,255,255,255,252,255,250,255,253,255,251,255,249,255,251,238,127,14,0,6,0,1,0,3,0,13,134,242,255,255,250,252,254,255,252,255,255,255,255,250,255,255,249,236,144,18,0,0,0,0,0,4,0,13,116,234,249,249,255,255,255,255,253,255,255,255,255,252,252,255,251,235,165,26,0,5,0,6,0,4,0,9,95,229,255,255,253,252,254,255,252,251,255,255,255,250,255,253,255,238,186,45,7,0,0,0,1,2,0,10,81,211,251,255,255,252,255,253,255,252,249,254,255,255,255,251,255,247,199,76,13,5,0,2,0,0,3,10,51,185,250,255,249,252,255,249,252,255,250,255,255,255,251,255,253,247,175,51,2,0,0,3,1,0,3,0,29,162,242,251,252,255,255,255,255,255,255,255,251,255,251,255,249,236,122,23,0,4,5,1,0,0,3,0,21,151,234,255,255,250,255,251,251,255,254,255,255,253,251,255,245,190,86,0,3,0,0,2,0,4,0,4,20,118,220,242,249,254,255,251,252,255,253,255,252,255,255,251,217,123,19,0,0,6,6,0,0,5,0,3,3,50,130,206,236,252,252,255,255,253,242,239,238,230,234,213,145,36,0,0,6,4,4,5,0,2,1,0,5,13,38,102,170,230,243,236,221,202,180,162,136,115,102,85,49,10,3,0,4,0,1,2,0,0,0,0,1,0,11,17,58,114,119,115,92,74,50,43,42,1,6,3,0,5,0,3,0,6,0,3,0,0,1,0,0,6,0,0,0,0,0,0,1,4,0,0,4,0,4,0,1,0,0,4,0,6
0,0,6,1,6,0,3,0,0,0,0,0,5,6,4,6,0,0,1,1,3,0,1,0,0,3,3,1,0,3,0,0,6,0,2,2,0,4,3,2,1,0,0,0,0,3,0,0,2,0,5,6,4,0,0,0,3,0,0,0,3,0,1,1,4,3,2,2,4,0,12,14,12,16,3,4,0,0,2,0,0,4,1,1,3,1,0,6,4,0,2,1,1,0,2,19,30,63,111,111,94,72,41,34,24,13,15,4,2,5,6,5,0,0,1,1,0,3,0,6,0,4,52,107,166,180,228,239,227,210,185,155,132,121,68,28,8,2,0,0,0,0,6,6,1,0,4,0,0,60,139,209,238,245,255,255,249,250,242,235,244,228,176,86,47,17,0,0,0,0,0,4,0,1,2,3,17,129,217,252,252,255,250,253,253,255,254,255,255,255,249,221,171,86,7,0,0,0,2,0,2,5,0,0,32,161,233,255,255,252,253,250,249,255,252,254,250,251,253,252,224,125,17,6,1,0,6,4,2,0,0,6,46,179,247,248,255,251,255,250,255,253,255,255,251,252,255,255,252,180,64,3,0,6,0,0,0,0,0,8,72,211,248,254,255,255,254,250,255,249,255,255,251,255,250,250,248,199,81,10,0,1,0,0,6,0,0,17,102,226,255,255,249,249,251,255,255,255,249,255,255,249,252,255,239,194,50,10,5,0,1,0,6,0,2,17,110,235,255,255,255,254,253,255,255,254,251,255,254,255,255,255,246,169,34,5,4,6,1,1,1,5,6,14,134,243,249,254,251,250,255,255,255,254,255,253,255,255,255,250,235,138,25,0,1,0,0,0,0,0,0,31,153,240,252,249,255,253,255,255,251,255,255,255,255,254,255,255,240,128,16,0,6,0,4,5,3,0,0,34,170,246,252,255,252,255,250,251,254,253,249,255,255,255,251,252,235,111,13,0,2,0,0,0,0,2,12,66,194,247,251,251,255,255,255,255,255,255,254,255,249,255,254,255,222,92,18,0,0,0,0,1,5,0,18,84,226,250,255,255,249,255,250,255,253,251,255,255,254,253,254,244,201,59,10,0,0,1,5,5,4,2,17,112,227,255,251,255,249,255,255,250,255,250,255,255,255,255,254,236,171,41,5,0,0,3,2,1,4,0,12,131,240,249,254,252,255,255,249,253,255,255,255,251,253,252,255,245,146,30,0,0,0,4,4,6,0,5,21,139,233,255,255,255,255,252,255,255,254,252,250,253,255,255,252,234,128,21,0,0,0,4,0,4,0,0,37,166,246,254,255,255,254,254,255,254,255,250,255,252,255,255,252,232,112,15,0,0,0,6,0,0,0,2,52,181,247,252,255,248,255,251,253,255,255,255,255,255,255,255,255,231,100,20,0,1,5,1,6,0,2,2,40,160,237,251,249,254,254,255,255,255,255,253,255,255,250,251,249,212,68,7,0,3,5,0,0,1,0,6,16,110,224,246,255,255,255,255,255,254,250,252,250,255,252,255,240,180,42,5,6,0,0,5,2,0,0,0,0,60,155,216,248,253,255,249,250,248,255,254,255,251,254,247,214,130,25,0,0,5,5,3,0,6,0,0,3,10,39,123,205,225,240,240,236,240,249,255,255,251,255,223,152,53,11,1,6,3,3,1,0,0,0,0,0,5,2,31,70,96,118,131,151,177,210,229,232,228,188,156,90,12,4,0,0,0,0,0,2,5,6,2,0,0,0,6,13,13,19,24,24,41,64,97,115,118,68,42,24,7,0,2,0,0,0
0,1,0,0,5,0,4,0,6,0,0,1,0,0,0,4,5,0,1,0,4,0,4,6,0,0,2,0,0,0,3,0,0,0,6,0,0,4,0,1,2,0,4,3,2,1,0,0,2,4,0,3,3,3,6,4,0,0,5,0,4,0,2,6,4,2,0,7,8,12,13,16,23,38,39,15,0,0,0,2,0,0,3,0,0,0,0,4,1,0,6,6,12,19,19,31,45,85,99,121,148,168,154,73,16,0,2,0,4,0,5,0,4,1,5,0,2,17,36,52,85,115,137,148,184,217,229,243,237,244,224,178,59,4,3,0,0,5,0,1,0,2,6,13,48,124,154,192,213,232,243,244,239,251,255,250,252,255,250,226,148,58,8,2,5,0,5,0,5,1,0,23,112,207,232,244,255,251,249,255,248,253,255,252,250,255,254,255,222,103,10,1,2,1,0,5,4,0,2,32,149,238,255,255,254,250,252,252,255,252,251,255,254,254,251,254,245,139,18,0,6,0,0,0,0,2,5,56,182,249,255,253,254,251,255,249,254,255,250,255,255,248,250,251,246,153,31,0,0,0,2,0,5,3,10,96,223,255,253,255,255,252,253,255,255,251,255,255,255,253,255,253,238,178,54,5,0,0,0,0,6,5,10,95,224,255,255,249,251,255,255,255,249,254,255,252,254,251,255,255,255,216,84,13,5,4,0,6,0,0,15,63,193,248,255,252,250,250,255,255,255,249,255,249,255,255,254,252,254,232,102,15,0,6,0,0,0,0,0,35,166,246,250,252,255,255,252,255,255,255,251,252,251,255,255,255,255,241,132,13,4,0,0,6,0,4,5,25,137,235,250,255,251,250,255,252,255,252,255,249,253,251,255,255,254,238,153,29,0,3,0,2,4,0,0,16,117,236,255,254,255,249,250,254,255,255,255,255,251,255,255,249,255,246,167,39,0,0,1,6,0,3,0,10,103,224,254,255,249,255,249,252,255,252,255,255,249,252,255,255,254,251,204,73,9,0,5,0,0,1,5,12,74,203,253,251,255,254,255,255,252,255,255,253,249,255,255,255,250,255,226,94,8,5,0,0,3,2,0,2,47,178,245,255,255,251,253,255,250,250,251,251,255,255,255,255,255,255,233,126,19,0,2,0,0,0,5,0,29,149,238,255,251,255,255,255,249,252,255,255,255,255,251,255,255,255,234,136,22,5,0,1,0,3,0,0,14,130,231,251,255,249,255,255,255,255,253,255,253,255,254,255,254,255,240,169,31,0,4,0,3,0,0,3,17,101,225,255,255,250,255,252,255,251,251,255,255,251,254,251,255,255,247,198,61,3,0,4,4,0,4,3,6,81,213,255,255,254,255,249,255,250,255,255,250,255,255,249,251,250,252,210,86,9,0,2,3,4,0,0,0,53,180,247,255,255,254,252,255,255,253,249,252,254,255,255,255,255,242,162,43,6,3,6,0,0,0,0,0,23,157,235,255,255,254,255,253,251,251,252,255,255,253,251,249,251,240,126,21,0,0,0,0,6,3,5,0,13,135,236,255,250,249,255,251,255,254,251,253,255,254,252,254,248,188,86,2,6,6,2,4,5,0,0,0,20,100,224,254,255,255,253,255,255,255,254,254,255,255,252,238,215,115,37,0,1,3,0,2,4,3,0,1,9,52,137,219,247,255,255,255,255,255,241,234,241,231,223,194,137,47,2,1,0,0,4,0,0,4,0,6,0,0,37,94,166,221,240,241,228,207,178,156,135,105,87,53,31,7,2,0,0,6,0,0
0,5,3,3,4,0,1,0,0,0,6,1,2,4,0,4,0,0,0,6,0,0,4,0,2,0,4,2,5,1,2,5,0,5,0,0,0,0,0,0,17,15,10,0,0,3,0,0,0,2,2,1,0,0,0,0,0,0,1,4,5,6,0,0,10,7,21,53,96,90,66,48,28,12,14,8,6,0,0,6,0,0,6,0,4,2,6,0,5,4,0,0,33,98,139,179,220,229,207,178,149,130,121,95,74,38,4,1,5,0,4,0,0,6,0,6,6,5,0,15,111,191,237,246,250,252,246,240,235,235,232,230,200,119,31,8,6,5,1,3,0,5,0,6,6,6,3,72,166,242,255,253,255,255,255,251,253,255,255,251,255,212,151,65,8,4,0,3,0,6,1,6,0,7,41,162,228,253,253,255,250,252,249,254,255,255,255,249,255,251,215,113,18,0,4,6,5,0,3,6,0,7,72,202,250,249,255,255,253,255,255,255,254,255,255,255,255,255,242,160,43,3,6,0,2,3,0,5,3,16,98,230,253,254,248,255,255,250,251,254,251,255,255,255,255,255,243,190,66,5,0,1,6,6,0,3,1,21,110,234,253,255,255,253,255,252,255,254,255,255,255,252,255,253,246,212,97,15,0,0,0,1,4,0,0,21,129,242,252,254,254,253,255,255,255,251,251,255,255,255,251,255,255,234,139,14,6,6,2,3,0,4,0,22,154,238,255,249,252,254,253,251,254,250,255,255,255,255,249,250,255,233,128,18,3,0,4,0,0,6,6,33,170,238,255,255,255,254,255,255,249,255,251,250,255,251,255,251,254,238,119,16,0,0,1,4,3,0,4,68,194,245,249,254,253,254,255,251,255,253,250,252,251,255,250,255,255,221,91,16,0,0,0,0,0,1,8,94,226,252,255,255,252,254,249,255,251,255,255,255,249,255,250,249,247,203,67,10,4,0,3,1,0,0,11,113,234,255,255,255,255,255,255,251,255,255,255,255,253,255,255,248,240,176,46,5,0,5,6,3,0,0,16,133,243,252,249,255,252,250,253,255,250,254,250,255,255,252,249,255,235,151,28,5,0,6,0,0,0,0,24,149,240,253,252,252,255,250,255,255,250,255,251,255,255,249,255,250,237,130,14,0,0,4,5,0,6,0,38,168,235,255,255,252,255,255,250,255,255,251,255,255,255,255,249,253,237,119,15,0,5,0,0,6,6,5,50,190,249,250,251,255,251,249,253,250,254,254,255,254,255,253,255,253,230,98,10,0,0,0,2,2,1,11,80,209,246,255,252,255,252,255,255,250,255,255,255,249,255,250,255,249,209,77,12,2,5,0,0,0,6,0,60,183,242,252,255,255,250,254,255,251,255,252,252,254,251,255,255,233,177,39,10,6,0,0,3,3,0,5,25,125,230,251,251,255,249,254,255,255,255,252,253,255,252,253,245,187,90,13,0,0,4,1,6,0,5,0,5,96,205,245,255,255,255,250,255,249,251,249,249,255,255,253,245,143,30,5,3,6,0,0,6,0,0,0,0,27,136,210,251,255,253,255,255,255,255,251,254,254,252,255,221,116,16,0,4,0,1,1,5,0,0,4,5,9,35,96,185,235,232,235,242,255,250,250,252,255,243,229,141,45,4,0,3,0,3,0,5,0,0,6,0,2,4,26,86,119,135,160,178,204,226,229,234,219,194,173,80,20,5,6,0,0,1,0,0,6,1,0,0,2,0,4,0,0,44,46,55,80,97,114,127,109,66,46,15,0,0,5,5,0,0,0,0
0,3,4,6,1,1,1,3,2,0,0,6,0,4,0,0,0,1,0,0,3,0,0,2,0,0,2,0,0,4,1,0,2,0,4,0,0,6,0,0,0,0,3,0,0,0,0,3,3,5,0,6,1,0,0,0,5,1,2,0,0,1,4,1,3,0,1,0,0,0,0,0,5,5,5,0,2,3,0,2,5,4,0,1,0,0,0,5,2,0,2,0,3,0,0,0,5,0,0,1,0,0,2,6,0,0,5,0,0,6,4,0,5,0,6,5,0,0,4,2,1,0,1,0,2,5,0,0,2,14,11,9,13,3,2,0,6,0,0,0,0,1,4,0,0,1,0,4,1,3,5,13,18,15,29,35,63,87,107,120,93,37,11,0,0,0,0,3,0,1,0,3,4,2,0,0,0,1,27,86,117,140,155,178,191,216,237,239,211,133,60,15,5,0,1,5,0,3,0,0,2,0,6,0,0,20,102,199,228,241,234,245,244,249,251,252,248,231,172,75,20,4,0,0,1,3,0,0,0,4,3,3,5,61,179,240,255,253,253,255,250,251,250,252,255,253,219,135,43,6,0,2,0,4,6,3,0,0,0,0,35,134,227,254,250,255,249,254,251,255,249,253,255,254,251,210,107,17,3,0,0,1,0,0,1,1,5,7,88,202,246,255,255,255,255,254,247,252,252,255,255,255,255,232,140,12,3,1,0,0,1,5,3,0,0,19,121,235,255,251,255,255,255,244,223,238,255,249,254,255,254,240,151,27,0,0,0,0,0,0,0,0,0,18,105,230,252,254,255,255,249,205,137,197,238,255,255,255,255,248,167,42,0,0,5,0,5,0,0,0,2,19,90,213,250,255,255,249,242,193,75,98,212,255,255,252,255,247,200,61,13,2,0,0,4,4,0,0,0,10,66,196,248,255,255,255,246,207,73,54,180,238,248,253,255,255,213,87,16,0,0,6,0,0,0,5,0,6,40,174,238,255,255,252,255,221,96,54,165,242,249,255,255,253,226,105,20,0,0,0,0,6,3,0,5,0,22,151,235,255,255,253,255,235,134,91,174,247,255,255,249,254,234,118,18,0,0,6,5,3,3,0,3,0,17,138,236,255,255,252,255,253,213,202,231,255,255,248,255,255,238,137,12,6,0,6,5,0,1,0,1,0,18,117,232,255,255,252,255,253,248,247,251,250,253,255,255,253,221,116,21,0,0,0,3,6,0,4,0,0,16,97,223,255,255,250,249,255,255,250,254,255,251,253,249,249,184,59,9,0,6,1,6,3,0,3,0,5,16,67,189,233,251,252,252,249,255,251,254,255,250,255,252,213,155,39,10,0,2,6,0,1,1,5,0,1,1,22,90,191,247,249,255,252,253,249,255,255,249,239,208,132,51,7,0,0,2,0,4,0,2,0,0,0,4,0,34,129,196,233,244,254,255,248,237,241,233,174,104,38,8,0,0,1,1,0,3,0,4,3,4,0,3,4,0,41,97,134,140,177,208,203,170,150,132,70,20,7,5,0,6,0,1,5,6,1,3,0,2,0,1,0,3,4,17,17,25,61,82,64,41,32,13,10,0,2,0,0,5,1,6,0,1,2,5,4,0,0,5,0,0,1,0,1,0,4,6,15,0,0,0,0,0,0,0,0,0,0,0,0,0,0,1,3,0,2,0,5,3,0,5,1,0,2,2,2,5,0,1,0,0,0,1,0,0,3,1,0,0,6,0,1,0,2,0,0,2,6,0,4,4,0,0,2,1,0,0,0,0,3,6,0,3,0,4
0,0,1,5,0,0,1,6,0,0,1,0,5,6,5,0,0,0,0,3,3,4,3,3,0,0,1,0,0,4,0,0,0,0,3,0,5,0,0,0,3,0,0,0,0,0,1,0,6,5,5,0,6,0,1,0,5,5,0,3,0,1,0,4,7,12,8,13,10,18,14,10,12,7,0,7,7,0,0,0,1,1,0,5,0,0,2,4,6,0,5,10,60,106,107,100,90,91,82,69,59,42,45,33,25,21,13,12,0,0,6,5,0,0,0,0,4,0,11,75,169,224,230,228,221,216,210,207,192,178,178,172,158,152,140,83,29,10,0,0,2,2,5,3,1,13,65,175,241,255,255,255,255,248,252,247,252,249,240,235,236,237,229,199,126,66,2,1,0,0,0,0,2,8,119,226,255,249,255,255,255,255,253,250,255,252,250,250,255,254,255,248,222,127,18,0,0,0,0,0,3,20,134,237,252,255,255,254,255,254,253,252,255,255,254,255,255,255,254,250,244,176,74,7,0,0,4,3,6,89,196,245,249,252,255,252,255,252,251,255,255,251,255,249,252,255,255,254,250,234,113,19,1,0,3,1,22,140,234,255,255,252,255,254,255,253,249,249,250,255,254,252,250,255,248,255,255,239,117,12,0,0,4,3,26,151,241,255,255,254,249,255,255,255,255,250,252,255,252,255,252,252,254,250,249,227,112,11,0,2,3,0,30,163,244,255,255,255,255,255,255,250,255,251,255,253,255,255,254,255,255,250,255,229,107,9,0,0,5,2,35,168,238,255,252,255,255,255,249,255,255,255,255,252,255,253,255,255,249,255,255,222,97,9,0,0,0,0,45,172,248,248,255,252,255,255,254,251,255,255,255,254,255,251,255,255,255,255,253,214,89,13,0,0,5,2,48,182,243,250,253,253,252,255,255,249,255,255,250,249,255,255,253,254,252,255,255,211,74,6,3,0,0,3,57,194,251,252,252,252,255,252,255,250,255,254,255,255,251,255,251,251,251,253,248,204,72,12,0,0,0,4,67,208,245,255,249,255,250,254,255,255,255,255,249,255,250,255,255,253,255,249,241,193,54,5,3,0,0,11,77,208,255,252,254,255,255,255,251,255,252,255,250,255,254,255,249,252,255,254,245,186,51,0,0,0,0,7,79,216,255,255,249,255,250,250,255,255,251,249,253,250,252,254,255,254,255,255,237,180,35,5,0,0,4,10,93,230,255,255,255,251,252,255,253,255,249,250,255,249,255,255,253,250,255,250,242,163,28,5,5,0,0,10,96,228,255,255,250,255,255,249,255,255,252,255,255,254,249,252,255,255,255,255,241,153,29,1,0,0,0,13,95,221,255,255,249,255,255,255,249,255,252,254,252,250,255,255,249,255,255,255,238,153,18,0,4,0,5,10,62,166,246,250,255,255,253,251,255,251,255,255,255,250,255,254,255,255,255,249,241,149,16,0,0,3,6,0,24,129,242,255,250,255,255,253,249,251,255,255,249,252,251,255,254,254,250,250,239,136,18,0,0,0,6,6,9,118,228,252,251,249,255,255,255,255,255,250,251,250,251,255,255,253,255,255,235,126,20,0,4,6,2,6,10,75,173,246,255,255,249,255,255,248,251,255,253,255,255,255,255,255,254,243,176,76,5,0,0,0,0,0,0,20,80,181,240,240,238,235,247,242,239,252,255,255,248,255,255,255,242,226,117,20,0,0,0,0,0,0,0,5,20,84,134,145,148,160,164,175,183,194,208,212,224,225,231,227,165,112,53,7,6,0,0
0,3,0,5,3,4,0,6,0,0,2,0,6,0,5,0,0,4,3,0,0,5,0,0,0,0,0,0,0,0,0,0,6,6,5,3,0,0,4,1,2,0,0,4,4,4,0,0,5,0,0,0,0,3,5,3,2,0,4,0,1,0,5,2,0,6,0,0,0,0,0,5,0,0,3,6,0,0,4,2,3,0,0,0,3,0,6,4,0,0,5,0,0,0,0,3,2,6,12,15,7,0,0,0,3,0,6,0,0,0,5,6,6,1,6,0,6,6,0,6,0,10,18,24,19,32,79,75,45,27,8,8,6,6,2,3,0,0,6,1,0,0,1,5,0,5,0,2,4,40,101,150,146,154,208,210,183,147,99,38,15,1,4,0,3,0,2,0,1,6,1,0,0,0,0,0,26,102,197,238,236,248,254,249,239,230,198,126,83,40,0,1,0,0,0,2,0,3,6,2,0,3,6,2,73,161,234,255,255,254,255,255,253,255,243,234,206,126,23,6,0,6,4,3,0,0,5,0,0,4,0,19,145,232,255,255,255,255,249,255,254,253,255,255,249,206,80,3,0,5,3,0,0,0,4,1,0,0,0,50,179,242,255,255,249,254,255,255,250,251,255,253,255,229,100,14,0,0,0,0,0,0,0,0,2,0,15,81,219,246,252,252,255,255,251,255,255,249,254,255,255,221,98,22,2,0,0,0,4,5,4,5,6,0,10,106,226,255,249,254,254,255,255,252,253,255,255,251,255,229,130,23,0,0,0,0,0,0,0,0,6,0,14,120,235,255,250,255,251,253,252,255,254,255,252,255,254,234,150,32,1,4,1,0,0,0,0,3,0,0,17,145,239,255,252,250,255,255,255,253,252,251,255,255,255,243,134,22,4,3,0,3,0,0,4,0,0,7,36,168,239,255,255,255,255,253,255,255,255,249,255,255,254,236,115,11,0,0,0,6,0,1,0,0,0,15,73,197,242,255,255,255,255,253,255,249,255,255,251,252,250,228,89,8,1,0,3,0,2,6,0,4,0,18,93,221,255,255,251,253,255,253,255,249,250,255,253,255,242,194,68,13,0,3,0,0,5,2,0,0,1,19,121,240,255,255,255,250,253,254,255,250,252,255,255,249,245,163,41,5,6,0,2,5,0,0,6,0,4,13,129,235,255,254,255,254,253,250,254,255,252,255,249,249,238,149,26,0,4,1,6,2,2,0,0,6,0,16,91,212,246,254,249,253,255,255,255,249,255,253,252,255,232,122,11,0,6,6,0,4,1,0,5,0,1,4,63,180,232,255,255,255,255,252,255,250,255,255,255,248,210,99,9,0,0,0,0,0,3,0,0,4,0,1,38,132,202,244,255,249,255,255,250,253,253,255,252,205,110,32,0,0,0,0,0,0,4,0,3,0,0,0,11,30,99,201,233,243,237,247,245,250,251,252,210,142,50,5,0,2,6,1,0,6,0,0,1,5,0,0,0,0,31,73,109,121,152,174,208,220,229,193,109,35,4,2,1,0,1,0,3,0,0,0,0,0,0,0,0,0,6,11,11,22,16,42,66,95,109,74,17,2,0,1,1,4,4,2,0,3,1,4,0,0,0,0,0,4,0,0,6,0,4,5,9,20,7,1,3,6,2,0,2,0,0,0,3,0,3,4,1,1,1,0,0,3,1,3,0,0,0,0,2,2,3,4,3,0,0,2,0,0,0,0,3,0,5,0,0,0,0,4,0,2,1,6,6,0,0,1,6,4,0,3,0,6,0,0,2,1,0,0,0,6,5
0,1,2,3,4,4,2,1,0,0,0,1,6,0,5,1,4,0,0,6,6,0,2,2,1,0,0,5,0,0,2,3,0,0,3,1,0,0,2,0,0,0,0,0,0,6,6,6,1,1,4,3,0,0,1,1,6,1,0,0,0,0,0,0,5,5,0,0,5,0,0,0,5,3,0,3,0,0,0,0,0,0,1,0,5,4,0,6,5,3,3,6,0,6,0,2,18,20,12,9,4,6,2,4,4,0,5,1,0,1,0,6,6,2,0,0,0,0,1,18,20,17,19,48,77,103,122,120,65,25,0,6,0,0,6,0,2,0,5,4,0,0,0,7,7,21,37,75,109,129,151,183,210,229,241,227,175,81,22,6,3,5,0,2,0,0,0,5,6,2,0,24,90,144,181,214,227,238,238,246,254,255,255,255,228,153,50,5,0,0,0,1,0,2,0,5,3,4,3,70,176,236,243,247,255,255,254,255,250,249,249,255,246,213,126,15,0,0,4,4,0,4,5,6,2,1,36,154,243,255,252,255,255,255,255,250,249,251,255,255,248,232,172,38,2,0,0,5,0,0,0,3,5,13,78,218,253,254,255,255,250,255,253,249,255,255,255,251,248,244,202,67,6,1,0,4,0,0,5,5,0,11,79,205,255,255,255,249,250,255,255,249,255,255,250,255,253,250,225,98,13,0,6,0,6,1,0,5,0,0,49,179,239,255,255,251,254,255,255,254,254,255,249,255,255,253,236,116,22,0,2,5,5,1,0,6,0,2,53,185,247,255,255,251,254,255,250,255,252,253,249,252,254,255,237,136,19,0,0,0,5,5,0,2,5,10,96,222,254,252,255,255,251,252,250,250,255,253,255,251,255,255,236,172,37,0,2,2,6,0,0,0,6,8,105,224,255,250,253,254,255,249,255,255,252,255,251,253,251,255,252,199,71,4,4,0,4,0,0,6,0,15,83,210,249,255,255,255,255,253,255,255,251,253,255,254,255,252,254,222,98,12,0,0,6,0,3,1,0,5,49,181,241,250,249,255,252,251,251,255,253,252,253,255,255,255,255,230,117,17,2,4,2,0,0,0,0,1,22,155,242,249,250,249,255,255,251,249,251,253,253,250,255,249,249,235,141,22,0,6,3,0,0,0,2,6,16,127,243,252,255,255,255,254,255,255,253,251,255,255,255,255,255,243,170,42,0,0,1,0,2,0,0,0,9,104,235,255,253,249,255,255,254,255,249,255,255,255,255,254,255,244,203,74,9,0,3,0,4,0,0,5,14,74,211,249,255,248,254,251,255,252,250,255,255,249,249,253,255,249,224,103,14,0,0,0,2,6,3,4,3,36,165,238,255,255,255,255,255,250,249,250,255,255,255,252,255,255,234,110,12,2,1,0,5,0,0,0,3,17,106,201,251,255,255,255,255,255,255,255,255,255,255,250,251,247,203,80,2,0,0,0,3,5,0,4,0,0,34,134,232,255,255,255,255,254,253,255,249,253,255,255,249,239,173,49,0,0,1,0,0,0,0,1,0,5,17,102,229,255,255,252,255,255,255,251,253,255,253,255,246,219,141,43,0,0,0,1,0,0,2,0,0,0,12,62,190,240,253,248,253,252,255,251,249,238,232,231,211,165,70,15,0,1,0,1,5,0,4,2,5,1,2,24,98,184,233,235,234,238,233,210,189,150,132,106,78,43,13,0,0,0,5,4,0,0,5,6,2,4,5,0,16,79,150,178,152,128,114,85,51,28,13,12,12,10,0,2,0,1,6,0,1,5,0
0,0,0,6,0,0,4,5,6,3,0,5,0,0,2,3,0,0,0,0,1,5,4,3,4,0,0,3,0,0,5,6,5,5,0,0,0,2,6,6,4,0,1,0,0,1,0,5,2,3,6,0,5,0,0,5,0,0,0,0,0,1,4,3,0,0,3,0,1,3,0,0,4,0,5,0,3,0,0,0,3,1,0,1,3,0,2,0,1,0,2,0,6,0,0,0,0,5,5,6,2,1,3,1,0,4,2,0,1,6,5,6,0,0,3,0,5,4,0,0,0,1,0,2,0,3,0,6,6,0,0,0,6,0,0,6,2,0,1,2,0,0,2,3,0,6,4,0,0,6,0,1,1,1,0,4,0,6,0,0,0,0,0,0,0,0,0,6,0,0,2,0,0,3,2,0,5,6,0,2,7,13,5,7,5,0,3,0,4,6,4,3,4,6,0,6,0,5,0,0,3,0,6,0,0,2,6,44,69,70,62,44,36,32,19,0,0,0,0,2,3,6,2,0,0,0,2,0,0,0,0,0,0,11,65,148,198,201,188,180,174,157,86,36,13,5,0,1,0,4,4,0,0,1,0,0,5,3,1,2,1,72,163,230,254,255,243,239,243,241,195,143,66,7,3,4,0,6,4,5,0,0,0,1,0,0,6,0,24,141,224,251,255,251,255,251,255,250,247,212,98,17,0,5,0,0,0,3,2,0,3,0,0,4,5,16,78,195,252,250,255,250,255,250,255,252,249,228,91,13,0,3,0,0,1,2,0,4,0,0,3,0,0,28,150,231,255,255,255,251,254,255,255,255,253,226,96,15,6,3,6,4,1,0,0,2,0,2,0,0,7,39,180,242,255,255,255,253,254,255,251,255,250,235,163,47,11,5,1,0,0,2,1,0,1,3,1,0,0,47,180,241,254,255,255,243,231,241,251,250,254,246,198,68,7,0,0,0,0,0,0,0,2,0,0,0,7,57,188,241,255,255,251,214,160,221,249,250,253,254,207,68,8,2,0,0,0,0,5,0,0,1,0,4,12,70,205,244,255,255,253,213,150,222,248,255,249,251,187,51,1,5,0,4,2,0,0,0,0,0,0,0,13,74,206,249,255,255,255,239,220,243,255,255,255,239,179,45,0,6,3,0,5,0,2,0,0,0,0,5,7,83,216,249,250,255,255,250,250,255,255,255,250,245,170,41,2,0,2,0,6,0,0,0,4,0,4,0,10,89,215,249,251,255,250,252,255,255,255,250,252,234,154,36,5,0,0,5,0,0,1,0,1,0,6,0,13,63,171,240,251,252,253,250,255,250,255,254,251,190,84,12,0,0,6,0,3,4,0,2,0,0,4,0,0,22,105,222,255,249,248,249,250,251,255,255,244,163,35,0,0,4,0,2,0,3,4,0,0,6,5,0,5,2,66,183,236,244,248,243,255,251,252,249,230,132,13,0,1,6,0,5,4,0,2,0,0,0,0,5,4,0,23,84,152,175,178,188,199,204,213,218,164,72,3,6,0,0,0,0,5,3,0,5,3,4,0,0,4,0,0,17,30,44,48,56,70,68,81,83,61,7,0,0,0,0,3,0,0,2,0,6,0,0,0,0,3,0,3,0,0,6,4,10,6,6,7,7,8,1,0,3,3,6,0,0,0,0,2,0,0,0,0,6,3,5,1,0,1,3,0,0,0,3,0,0,0,0,1,0,0,4,5,0,0,0,3,0,0,0,0,6,2,5,2,2,0,0,1,1,0,0,5,0,6,4,0,4,0,0,3,0,5,0,0
0,5,2,4,0,2,0,5,0,6,0,6,5,2,9,14,14,8,2,6,0,0,2,0,2,0,5,0,0,0,1,3,0,2,0,2,5,4,0,6,11,22,59,81,69,40,25,15,13,18,6,9,2,0,0,0,0,2,0,2,0,5,2,0,0,0,5,17,72,127,176,210,198,174,154,132,115,97,76,52,20,0,0,0,0,0,0,0,0,0,4,2,0,5,5,46,146,223,246,255,243,237,240,245,237,229,210,179,95,15,0,0,0,0,3,0,0,1,0,6,5,3,36,125,214,255,254,249,255,248,254,251,254,255,250,239,175,66,12,0,2,2,0,2,0,1,4,0,0,14,65,198,243,249,255,252,251,255,255,255,250,251,253,255,234,150,38,4,0,3,5,0,0,0,3,6,0,9,95,220,255,255,255,255,255,252,253,251,252,255,252,249,245,175,52,10,0,0,0,0,6,0,3,0,5,20,112,235,255,255,254,250,252,255,255,255,253,254,251,255,244,163,38,0,3,0,2,0,2,0,0,1,6,21,133,234,255,251,255,255,253,251,255,252,255,250,249,249,242,142,15,0,0,5,0,0,2,3,0,0,3,21,149,237,255,249,252,255,255,255,255,255,254,255,255,252,241,126,12,0,0,0,0,0,0,6,0,1,6,31,170,243,255,255,253,254,252,255,249,255,252,251,249,255,236,109,16,2,3,0,0,6,0,0,3,0,5,60,192,243,255,252,255,252,255,255,250,255,250,249,250,251,226,83,16,0,2,0,0,0,6,4,0,2,16,87,222,254,252,253,253,251,255,255,255,249,255,254,255,252,198,61,4,1,0,0,1,0,4,5,0,0,17,99,225,251,251,255,255,255,253,255,255,255,255,255,252,246,170,38,0,0,0,0,5,3,1,4,0,0,15,121,243,255,251,255,255,253,255,255,255,255,251,251,251,240,150,23,0,0,0,0,4,4,0,6,0,1,13,145,245,253,254,253,255,253,255,250,255,255,255,253,250,242,133,24,0,0,6,5,6,0,3,5,5,3,25,164,242,255,255,253,252,250,254,255,252,255,255,252,250,234,121,12,0,1,0,2,5,6,0,6,0,4,51,175,246,253,250,255,255,249,252,254,255,255,252,255,255,230,101,17,3,0,1,6,0,0,0,2,0,11,72,211,255,250,248,255,253,255,251,255,255,255,255,252,253,208,82,8,0,5,0,6,0,0,3,6,0,9,76,207,255,255,255,253,255,249,250,251,255,255,255,254,239,190,47,9,0,0,3,5,4,2,3,6,0,5,27,134,233,255,253,255,254,255,255,255,255,253,255,255,229,145,29,1,0,0,0,0,3,0,0,0,4,0,4,51,161,229,235,245,246,251,255,251,255,255,255,243,166,72,11,6,1,3,0,3,4,0,6,0,5,4,5,6,63,114,134,153,180,208,229,232,234,239,233,205,115,25,4,0,0,0,0,0,0,0,0,0,0,6,3,0,10,9,20,27,49,74,96,106,133,152,161,100,40,6,0,5,5,0,0,1,0,0,0,1,4,0,0,0,6,4,3,5,7,8,18,20,17,24,28,16,4,0,0,0,0,5,0,0,2,0,6,0,0,1,0,0,3,2,5,0,0,0,0,1,0,0,0,6,1,0,0,0,0,0,1,4,3,0,1,0,6,1,2,0,0,3,0,0,2,0,5,4,0,1,3,0,4,0,0,0,0,2,1,0,0,0,0,1,3,0,0,0,0,6,0,0,0,4,0,4,5,1,5,4,5,1,0,5,5,0,5
1,3,2,3,6,5,0,6,4,4,3,0,0,0,3,2,0,6,0,0,6,0,4,0,6,5,0,5,0,0,0,0,4,0,1,0,0,1,6,5,0,5,5,0,0,0,5,5,1,0,0,0,5,6,0,5,1,2,2,0,0,5,3,0,4,4,0,0,0,0,7,11,7,1,4,0,2,2,0,0,5,3,0,4,3,0,0,3,0,2,5,0,0,3,0,11,12,26,75,106,83,49,32,19,9,9,5,0,0,0,0,0,0,0,0,0,0,1,0,0,0,1,15,58,62,106,194,232,222,186,159,124,106,76,39,20,5,0,5,0,0,0,1,6,0,0,5,0,1,30,103,184,186,215,249,249,255,250,246,243,230,218,175,130,46,5,2,3,0,0,0,0,2,0,0,0,8,89,212,253,243,247,250,250,250,251,255,255,253,252,245,201,68,15,6,0,4,0,0,4,0,0,0,3,19,116,241,250,250,255,255,251,252,255,255,249,251,255,248,172,49,0,2,6,4,0,0,0,6,0,0,1,17,145,245,253,255,253,255,255,249,255,253,255,254,249,240,152,23,0,5,4,0,6,3,4,2,1,0,0,31,162,242,250,255,255,252,253,255,251,255,252,255,255,231,119,11,0,0,0,1,3,0,0,0,0,0,7,68,197,244,255,255,255,255,255,255,255,255,255,255,249,226,102,15,0,2,2,0,1,3,0,0,4,0,18,95,217,255,251,255,255,254,255,255,255,255,255,252,253,202,66,9,2,4,5,6,0,5,1,3,2,0,0,66,180,233,244,255,255,251,255,251,255,255,255,255,243,172,41,2,4,0,2,3,3,0,3,0,0,0,0,11,82,160,208,244,249,255,255,255,255,254,252,250,235,147,25,0,4,1,3,0,0,0,6,5,1,6,2,2,6,31,84,200,252,252,255,251,253,253,254,255,234,125,20,0,0,6,0,0,0,0,5,0,4,4,12,12,16,24,74,193,246,254,255,251,255,255,255,254,220,90,17,5,0,0,4,0,3,0,6,0,0,16,58,119,104,81,120,221,250,255,255,255,255,255,251,241,194,59,5,2,0,0,1,1,3,0,0,0,0,10,123,220,239,210,216,253,250,251,255,255,249,255,250,238,171,39,0,2,5,2,0,5,0,0,2,0,5,20,145,243,254,254,250,252,249,251,252,255,251,252,255,253,208,90,28,15,8,0,2,4,0,0,0,0,0,48,181,244,249,255,255,255,255,255,255,249,252,255,255,249,241,187,125,78,32,0,0,4,4,0,0,0,15,77,207,255,249,255,251,255,250,255,252,255,255,255,255,255,251,240,244,200,76,5,2,3,0,0,0,3,9,110,230,255,255,255,255,251,255,249,255,254,255,255,255,254,249,255,246,204,75,15,0,0,0,0,0,0,10,131,245,255,255,249,252,250,255,251,255,255,255,251,255,255,250,255,248,166,45,0,0,0,0,0,0,0,15,135,234,250,249,255,253,252,255,251,255,255,255,255,255,255,251,253,245,142,16,4,0,0,0,1,0,0,20,87,193,231,236,251,254,254,255,255,255,255,253,255,253,249,255,254,230,126,14,0,5,5,5,0,0,0,4,36,101,140,180,209,225,238,242,240,248,255,255,250,250,255,255,255,226,101,20,0,0,0,0,4,3,0,2,4,17,25,46,82,108,125,151,178,217,230,234,240,241,248,253,247,205,61,13,2,3,0,4,0,5,0,0,1,0,4,8,12,9,12,26,47,82,115,126,153,187,218,233,220,153,39,4,0,0,0
1,0,0,2,0,0,1,6,0,2,6,0,0,0,0,0,0,6,0,2,0,3,0,0,3,0,4,0,1,0,1,0,0,0,1,1,0,0,0,4,0,0,0,4,13,8,0,0,6,0,0,6,0,2,0,0,0,6,5,0,0,0,0,0,6,4,0,4,0,0,17,68,76,58,45,28,15,17,6,0,5,3,0,0,0,0,0,0,0,0,3,4,2,0,0,5,0,34,110,189,203,190,182,155,148,113,44,11,0,0,0,0,0,3,2,5,2,0,1,3,0,0,2,6,46,136,213,251,255,249,248,242,235,213,113,26,0,0,4,0,2,0,6,3,0,4,0,0,0,4,14,65,156,224,255,253,255,249,255,255,255,244,168,37,0,3,0,1,0,0,5,6,0,1,4,0,0,26,81,171,239,255,251,253,255,255,251,255,255,240,158,32,1,2,3,0,0,0,0,0,5,6,0,0,13,81,186,245,255,253,255,250,250,252,253,255,254,236,150,23,0,5,2,4,4,3,5,0,0,4,0,0,16,122,234,255,255,255,248,253,251,253,255,251,255,232,129,23,4,0,5,0,4,0,0,0,0,0,0,0,27,139,243,253,255,249,251,255,253,253,255,255,254,238,119,15,4,0,1,5,6,0,1,4,0,1,0,0,25,156,241,255,252,255,255,253,255,255,253,249,251,227,100,15,0,4,0,0,0,0,0,0,2,0,0,5,38,180,245,255,255,255,255,255,255,254,252,255,253,223,86,15,2,0,0,0,0,0,0,5,0,1,4,3,53,189,248,255,255,253,253,255,252,255,252,255,255,212,74,7,1,0,2,0,0,0,0,0,0,0,0,5,59,176,232,241,241,247,255,249,255,254,255,251,244,190,54,0,0,0,5,0,0,0,0,0,0,0,6,0,19,75,105,127,179,243,249,255,255,250,255,254,246,171,43,3,0,4,0,1,0,1,0,6,0,0,3,0,0,16,18,33,113,234,255,253,250,251,250,253,235,150,27,0,3,0,0,0,4,0,0,0,0,0,0,5,0,6,0,12,112,231,255,255,252,250,255,250,234,147,15,0,0,4,0,2,3,0,0,0,0,0,0,3,0,2,2,18,126,232,249,255,255,255,255,255,241,125,18,0,1,5,0,4,0,0,6,0,2,6,3,6,2,0,0,15,145,238,255,253,255,255,255,255,240,115,13,4,0,0,0,6,4,4,0,3,3,0,0,0,0,0,0,28,163,234,255,255,249,254,255,249,226,109,19,0,6,0,1,0,1,5,1,3,0,0,6,0,5,0,0,41,172,240,249,252,255,253,255,255,218,83,17,2,0,0,2,6,0,0,6,6,1,0,0,0,2,0,6,59,191,247,255,252,255,255,255,248,202,72,14,1,0,2,0,2,0,0,0,0,2,0,2,0,1,0,8,84,212,255,249,255,251,254,249,247,190,44,7,4,0,1,2,0,4,5,2,0,6,0,4,6,0,5,13,89,224,255,255,248,254,255,255,246,173,39,0,0,1,2,6,4,4,0,0,2,1,0,1,0,0,0,3,64,162,233,246,249,246,255,255,230,144,28,0,0,1,0,0,2,0,0,3,5,3,0,0,2,0,0,0,15,66,136,161,176,197,221,216,171,71,4,2,0,4,0,0,0,0,0,0,0,2,2,6,0,0,0,0,0,25,45,51,52,63,86,89,65,8,6,6,1,5,2,6,0,0,4,3,0,1,0,6,4,6,5,0,6,6,0,0,0,3,0,3,3,3,2,6,0,6,1,0,5,3
1,4,0,0,0,2,0,3,0,4,0,0,4,0,4,4,3,0,1,0,1,0,1,3,0,0,3,0,2,2,5,3,1,0,0,1,5,0,0,4,0,3,6,3,0,4,1,0,0,0,0,5,3,0,5,0,4,0,2,5,0,0,1,0,4,0,2,0,0,0,0,0,0,0,0,3,1,0,0,0,5,0,0,3,0,4,0,1,0,0,0,1,0,1,5,0,0,0,0,1,4,2,6,0,2,0,0,1,0,0,0,3,3,4,0,0,3,0,0,0,5,0,1,0,0,2,0,3,3,0,3,0,0,3,5,6,0,0,5,0,0,0,1,0,0,0,0,0,2,3,0,5,3,0,0,0,6,4,1,2,0,2,0,0,0,5,0,0,5,0,0,0,6,0,6,1,5,4,12,14,9,10,0,0,5,0,5,0,0,2,0,0,0,4,4,1,0,0,0,4,6,0,0,7,13,28,89,96,79,62,37,22,0,2,0,0,2,2,5,0,1,0,0,0,1,0,0,0,6,0,11,58,125,156,204,232,217,202,169,128,36,6,0,0,2,3,4,0,0,3,0,0,0,4,0,0,0,10,64,172,219,238,248,255,255,246,235,185,46,0,3,0,0,0,0,0,2,0,0,0,1,6,1,0,0,20,101,224,255,255,255,254,255,250,235,172,39,2,6,4,0,5,0,0,2,0,5,0,0,5,3,0,0,19,115,236,253,255,255,249,253,252,233,149,18,1,0,2,1,0,0,0,6,2,6,2,0,5,0,6,0,17,136,233,249,253,255,253,255,255,235,134,13,0,0,0,6,2,6,0,0,0,0,0,6,0,0,0,3,25,143,241,255,251,250,250,255,249,236,118,13,6,0,0,3,3,0,3,3,0,0,2,4,0,0,0,6,28,134,211,239,244,252,255,255,249,226,93,10,0,0,0,0,5,2,4,6,0,3,0,0,0,2,0,2,4,51,92,140,219,247,253,255,255,206,82,16,0,0,3,0,0,0,3,0,5,0,0,0,3,0,6,0,3,7,31,87,210,252,250,255,240,181,51,4,3,0,2,0,0,0,6,0,5,6,0,4,4,0,0,0,0,0,7,103,228,255,255,255,234,158,34,0,0,0,0,2,2,3,6,6,3,1,0,1,0,0,0,6,3,17,40,126,240,255,255,252,238,139,17,0,0,0,0,0,4,0,2,0,4,1,0,5,0,2,0,4,41,116,159,197,246,255,255,255,241,136,36,9,0,0,0,0,0,0,5,0,6,2,0,1,4,0,2,22,121,211,231,251,255,251,250,255,253,199,136,59,13,0,0,0,1,0,4,0,0,2,6,1,0,4,0,44,172,241,255,253,255,249,255,251,255,240,223,155,42,2,3,0,0,0,4,0,1,2,0,0,3,0,12,69,205,244,253,255,255,255,249,255,253,249,254,208,65,7,0,0,6,2,3,6,0,0,4,5,0,0,16,84,213,249,255,255,255,252,248,255,251,251,243,195,46,4,6,3,5,0,0,4,0,6,2,1,1,6,12,73,181,227,227,240,245,235,241,245,250,255,241,163,34,5,0,0,0,3,0,0,1,6,2,4,2,2,0,20,51,85,100,117,141,153,181,203,218,227,226,132,23,6,2,0,3,0,5,4,1,0,0,0,0,0,3,5,10,17,9,11,17,23,40,68,89,106,115,71,16,0,0,1,0,0,0,3,0,0,6,3,0,6,0,4,5,0,4,0,0,0,2,5,16,16,9,12,3,0,0,6,5,6,4,4,0,0,0,4
1,0,0,0,0,3,5,0,1,3,6,28,73,143,167,167,154,132,131,95,39,3,1,0,0,1,2,0,0,0,2,0,2,0,5,3,2,32,75,116,182,228,236,235,237,241,234,196,69,13,5,5,0,0,0,0,2,5,3,0,0,3,6,6,33,117,202,224,249,246,255,255,255,255,245,207,68,10,2,0,0,0,0,6,5,6,0,1,1,0,2,14,72,209,250,255,252,255,252,253,252,253,243,184,41,0,0,0,0,2,3,6,4,0,4,0,0,2,4,8,99,225,255,252,255,250,249,255,255,255,247,171,34,0,0,0,0,0,1,0,0,6,0,0,4,5,6,14,114,231,251,255,251,248,255,251,255,255,236,153,19,0,2,3,2,0,0,5,4,4,3,0,0,3,0,17,118,241,255,255,255,251,254,253,255,252,239,139,25,3,0,3,0,0,0,0,0,2,6,6,0,0,1,18,132,233,255,251,255,255,255,255,255,255,232,128,14,6,6,3,0,4,0,6,6,1,2,0,0,4,0,20,153,245,251,255,255,255,250,253,255,255,238,116,17,4,0,4,0,0,5,0,3,4,0,6,1,0,0,25,152,229,244,245,255,255,248,252,255,255,230,104,21,5,0,0,0,0,0,1,5,2,2,0,0,3,0,24,91,130,169,223,252,255,251,255,252,254,221,91,19,0,5,0,1,3,6,4,0,0,6,0,3,0,4,2,15,27,75,194,241,252,255,251,255,245,215,70,12,0,0,0,0,2,0,0,0,2,4,0,0,0,5,4,4,3,66,205,251,250,249,252,252,241,191,57,4,1,2,6,2,0,1,0,0,5,6,0,0,0,4,0,6,12,87,222,255,255,252,255,254,243,169,40,4,0,0,0,2,0,5,2,3,1,0,4,1,2,0,0,0,9,101,228,255,255,254,249,255,234,153,33,0,0,0,0,0,0,2,0,6,5,3,1,2,3,0,0,0,10,111,232,253,255,255,255,255,242,145,22,0,0,1,0,0,0,6,5,4,1,1,4,0,2,0,0,0,22,124,235,254,255,249,255,255,237,138,18,5,0,0,3,5,1,0,0,0,0,4,4,1,3,5,0,0,12,138,243,253,250,250,255,249,234,120,22,0,0,2,0,1,0,0,0,5,5,0,6,4,3,0,0,0,17,143,233,255,255,255,255,249,234,117,17,5,6,4,0,6,0,0,0,0,6,0,5,0,0,0,0,0,33,152,241,255,252,255,252,252,226,93,18,0,0,0,4,0,3,0,0,0,6,0,3,0,3,0,0,6,28,128,214,242,248,255,252,255,219,82,17,5,0,0,6,0,0,0,0,0,0,0,0,2,2,5,0,0,5,48,140,190,210,226,234,237,187,61,8,4,2,0,0,0,3,0,1,2,1,5,0,2,0,0,0,0,0,4,31,55,77,97,110,112,94,27,3,0,0,0,2,2,0,5,0,4,0,3,6,0,3,1,0,4,5,4,0,9,17,11,15,15,9,3,0,6,0,0,1,5,5,2,3,5,0,0,4,0,3,1,5,0,0,0,4,1,0,0,6,0,5,5,1,6,5,2,0,0,6,4,0,2,0,3,2,4,0,0,0,2,3,0,1,0,0,0,0,6,4,0,0,0,6,5,0,0,4,0,0,0,6,6,3,0,3,3,0,5,0,0,1,0,0,0,0,0,0,1,4,6,0,0,6,0,6,5,0,0,2,0,0,0,6,3,0,0,0,0,2,0,0,5,5,0,0,0,0,0,4,3,4,2,0,0,0,6
1,0,0,0,2,2,6,0,2,4,1,6,4,1,0,0,0,0,1,0,6,0,0,2,0,0,0,6,0,6,4,0,5,0,3,0,4,4,1,0,3,3,0,5,0,3,0,0,0,3,5,5,0,0,6,0,5,3,4,3,4,4,1,4,0,0,0,0,1,4,1,6,6,0,0,0,1,2,5,0,0,0,1,0,0,0,6,4,0,5,3,0,0,1,6,0,7,9,17,10,0,0,4,0,0,3,6,0,2,3,1,0,3,0,6,3,2,4,11,7,22,15,26,35,67,90,104,57,6,0,0,0,4,0,2,0,0,0,0,5,6,0,5,6,0,2,36,95,122,140,156,175,203,226,213,124,20,1,2,0,0,4,5,0,0,0,2,6,0,0,0,0,0,12,93,205,239,246,237,242,248,255,238,162,22,2,0,0,4,1,2,4,0,6,0,0,0,0,6,0,1,7,91,222,250,255,255,255,255,253,240,175,48,0,2,0,6,6,0,1,0,0,0,0,0,0,0,0,6,11,68,209,252,255,255,255,255,255,255,202,70,4,5,1,0,4,0,0,0,0,6,0,3,0,6,2,0,5,42,172,239,253,249,249,251,249,255,225,93,12,0,0,3,0,0,3,6,0,3,3,0,2,3,0,0,0,26,160,244,255,252,254,255,255,255,228,106,17,4,1,2,1,5,1,3,0,4,2,0,0,0,2,0,4,20,132,234,255,249,255,253,255,255,183,68,6,4,1,0,0,0,2,1,0,0,0,1,0,1,5,0,6,20,108,226,249,254,249,255,255,240,146,26,0,0,5,0,2,0,5,0,0,6,0,6,0,1,5,0,0,16,73,177,248,255,255,249,255,236,163,28,4,0,6,4,0,6,2,0,0,4,2,1,0,0,0,0,3,4,28,91,215,253,251,255,255,239,194,67,9,0,4,0,4,1,1,0,3,5,6,0,0,0,0,0,2,3,3,55,196,239,255,255,254,251,235,144,56,3,1,0,1,0,0,0,0,0,0,3,6,6,4,0,5,0,12,84,196,247,255,255,250,255,255,222,95,19,4,0,5,4,0,0,2,4,5,0,6,0,0,2,0,0,24,135,236,254,253,253,255,255,255,235,118,14,0,0,0,2,1,2,0,2,0,3,0,6,0,0,0,0,11,132,239,251,254,253,251,251,251,238,133,18,0,3,4,0,5,2,6,0,6,0,0,0,3,2,0,3,15,117,235,255,249,255,249,255,251,240,156,24,0,0,2,0,6,6,0,6,0,0,0,0,1,0,0,0,14,87,218,255,253,254,255,255,253,245,183,48,3,1,5,0,0,5,0,0,5,0,2,0,3,0,0,0,11,64,211,255,255,255,245,246,236,227,191,55,9,2,6,0,0,1,2,0,0,4,0,3,0,0,4,0,5,40,166,225,237,215,200,173,154,137,99,29,0,0,3,0,5,6,3,1,1,2,0,0,0,2,6,0,0,23,86,122,109,90,67,43,24,13,17,6,6,6,2,0,5,0,4,6,0,6,0,0,6,0,5,0,5,0,7,10,21,15,10,5,3,0,2,6,0,0,2,3,0,5,2,0,0,0,0,0,0,0,6,4,0,0,3,0,0,0,6,0,2,4,0,0,0,5,0,0,0,0,0,0,6,0,0,4,0,0,0,0,3,0,1,0,0,0,0,0,0,1,6,1,0,2,6,0,2,0,0,0,0,4,0,0,0,0,1,4,0,0,0,2,0,5,0,0,0,0,0,0,1,0,3,0,5,0,1,1,0,0
1,3,5,0,3,0,0,0,3,0,3,0,2,5,0,0,3,3,6,3,0,4,0,4,0,1,0,0,2,0,3,3,6,0,0,0,3,0,1,6,0,2,0,0,0,0,1,0,3,0,2,0,0,4,3,0,4,0,0,6,0,0,0,1,6,0,6,0,6,6,1,6,5,0,0,0,3,1,1,0,6,0,0,0,4,0,0,0,0,6,3,0,0,3,0,2,1,3,0,0,3,4,0,6,0,3,2,0,5,2,0,0,0,0,1,0,0,2,0,0,0,3,0,0,1,5,0,0,0,0,0,2,0,0,0,0,0,0,0,0,0,5,5,0,3,0,0,6,0,6,0,0,0,7,11,1,0,5,0,0,2,0,6,0,1,0,2,0,0,0,3,0,0,0,0,0,0,15,24,35,44,54,62,42,9,0,6,0,4,4,5,5,0,0,0,1,3,0,0,3,0,0,0,1,33,81,153,176,182,189,190,122,23,0,3,4,6,1,0,0,0,0,5,3,3,5,0,0,0,0,7,53,143,189,234,241,242,251,229,146,18,0,4,0,0,2,0,0,0,5,1,3,1,0,6,4,0,2,15,90,221,245,255,251,249,252,244,157,29,0,0,2,0,2,0,0,0,1,2,3,0,0,0,4,0,1,13,88,231,252,255,255,255,252,242,169,34,6,6,2,0,1,0,0,0,0,0,0,3,5,0,6,0,4,10,80,221,249,255,250,251,254,246,174,43,0,2,6,6,0,6,1,1,0,0,4,5,5,6,0,5,0,11,62,192,235,254,255,254,248,249,182,42,2,5,6,0,0,0,0,0,1,0,5,0,0,0,0,6,4,9,22,84,133,215,252,255,248,247,194,59,9,0,0,5,0,3,0,0,0,6,0,0,5,1,2,5,4,0,4,21,63,194,241,248,250,246,198,60,3,2,1,1,1,3,0,0,6,1,0,6,5,0,5,5,6,0,4,0,38,176,239,251,255,254,216,80,23,8,10,1,3,0,0,6,0,0,4,0,1,0,2,0,4,2,5,22,66,183,240,255,255,255,223,132,101,84,28,6,1,2,0,0,0,2,4,4,1,0,0,0,6,0,19,92,161,229,245,255,255,255,252,236,231,201,76,9,0,0,3,2,1,0,4,1,5,1,0,2,5,3,25,153,235,245,249,255,250,255,255,255,255,229,93,13,5,3,0,0,3,3,0,0,0,1,0,0,0,0,20,147,235,251,253,252,255,249,255,251,255,227,100,11,3,0,0,0,0,4,0,0,4,0,0,2,0,0,26,146,240,255,252,255,244,250,243,240,247,224,105,15,6,0,0,4,0,0,0,0,5,1,5,5,0,4,17,122,217,224,221,213,205,194,179,179,175,141,73,3,0,4,0,0,0,0,0,3,0,3,3,0,0,1,9,58,93,97,78,73,65,55,47,36,32,27,7,6,0,3,3,4,0,0,2,0,2,0,3,0,5,4,0,7,18,16,8,5,15,2,0,0,0,0,0,0,0,3,1,6,0,5,0,1,0,5,0,2,0,0,6,0,1,4,1,2,0,3,0,0,6,0,0,2,0,5,3,0,5,0,0,6,6,1,0,6,5,4,0,1,0,1,6,3,0,0,3,0,5,0,4,4,4,2,0,0,0,1,0,0,0,0,0,5,0,1,5,0,0,0,0,3,2,0,4,6,2,0,2,0,1,4,0,0,0,0,0,4,6,1,0,4,2,0,6,0,0,0,6,1,4,6,3,0,6,5,0,0,1,1,1,0,4,0,0,0
1,4,0,0,0,0,4,0,2,11,20,24,32,41,66,85,107,121,117,72,5,6,0,0,0,0,0,4,0,0,0,0,0,3,2,6,8,56,129,142,166,173,200,223,228,241,225,135,22,0,4,0,0,0,6,6,0,4,0,0,3,2,7,10,64,154,236,242,241,248,242,255,253,249,246,165,31,0,4,0,1,0,0,6,0,6,0,0,0,8,28,81,146,227,255,250,255,255,255,255,255,255,244,180,41,0,2,2,4,0,6,0,0,0,3,0,1,23,97,192,235,251,250,252,255,254,255,255,249,255,244,193,59,4,4,5,0,0,0,0,0,0,5,0,0,39,155,234,255,255,255,252,254,255,251,255,254,254,248,214,82,11,4,2,4,6,0,0,0,0,0,4,7,31,170,245,254,255,253,255,254,250,255,253,252,254,255,231,104,16,0,0,0,0,0,5,0,0,2,6,0,26,150,236,255,255,255,250,255,255,255,255,255,255,252,232,118,10,0,0,0,0,0,0,5,3,0,0,0,13,136,236,253,250,253,252,253,252,253,255,252,254,250,233,124,19,0,0,2,0,5,0,3,0,2,0,5,10,131,239,252,252,255,255,251,255,250,249,255,253,255,240,138,17,3,3,2,3,0,0,6,2,6,0,3,15,112,239,255,255,251,251,252,250,255,252,255,250,255,246,153,31,0,0,2,1,2,1,6,0,0,1,0,18,89,220,247,238,242,255,255,255,255,255,251,255,255,240,172,31,10,5,0,0,1,2,3,0,1,1,3,15,59,148,165,148,175,237,255,253,255,255,255,255,255,248,201,78,45,44,14,8,1,4,0,4,0,0,0,8,19,47,47,57,142,221,249,255,255,252,249,255,255,255,235,187,182,173,75,15,5,5,0,0,1,0,0,4,10,48,82,116,202,238,255,255,250,255,250,251,255,255,248,247,251,228,101,14,4,6,0,6,0,3,6,6,24,133,210,239,251,255,255,255,255,255,253,253,255,255,255,254,255,230,118,16,6,0,0,0,0,4,0,6,18,141,239,250,251,255,255,255,254,249,251,252,255,252,250,253,255,244,132,20,5,6,0,4,4,0,6,1,14,126,243,249,250,255,251,255,255,251,255,249,252,253,255,254,250,240,144,21,0,6,0,0,0,2,0,0,13,118,241,253,255,251,251,255,253,252,252,255,255,255,255,255,255,239,156,30,0,1,2,0,0,0,0,0,14,105,229,255,255,255,255,255,249,255,255,255,255,255,250,255,251,237,168,36,2,0,6,0,0,2,6,5,7,88,216,255,255,255,255,250,249,243,236,241,233,243,229,224,221,192,135,32,7,0,0,0,0,0,6,0,4,55,186,233,241,242,236,229,209,196,173,159,137,129,119,99,83,61,34,5,0,2,0,6,0,0,4,0,0,37,117,154,138,124,114,100,87,54,38,23,20,12,15,8,12,13,6,0,5,0,0,2,4,3,0,1,0,0,17,22,19,15,11,19,10,2,0,1,5,0,0,0,1,0,0,0,0,2,1,0,0,0,3,5,3,0,5,0,0,0,0,0,0,0,0,6,3,0,6,3,0,0,6,0,0,0,4,0,0,6,4,0,5,0,4,3,5,4,1,0,4,2,4,0,0,0,0,1,3,0,0,0,0,2,0,4,4,0,5,0,0,0,6,3,0,5,4,0,0,0,5,0,0,1,0,6,0,4,2,0,0,5,0,3,6,0,0,0,0,2,0,0,4,0,3,0,2,5,0,4,2,0,0,2,5,0,5,0,0,0,0
1,0,0,3,0,0,2,0,0,0,0,0,0,0,0,3,0,2,0,5,6,0,3,2,2,3,0,2,2,0,4,4,2,0,0,0,0,0,6,0,4,0,5,2,0,3,0,4,0,6,0,1,6,4,0,2,0,5,0,0,2,0,4,0,0,2,2,3,0,1,10,6,10,1,4,6,4,6,0,0,0,0,0,0,2,5,2,5,3,0,0,0,0,1,0,0,6,17,41,55,66,61,51,57,47,35,19,7,5,0,0,0,0,0,0,0,0,0,0,0,4,0,4,12,16,63,159,194,202,196,193,191,191,158,68,6,0,6,0,1,6,6,0,0,4,5,0,0,4,7,49,75,87,171,227,249,253,251,247,241,247,211,84,18,2,4,0,0,0,2,0,0,0,0,0,2,0,28,144,209,212,232,247,255,255,252,253,255,255,213,88,6,2,0,0,0,1,6,0,0,0,3,0,0,6,36,169,238,255,250,252,255,249,252,250,255,255,211,86,12,0,0,0,1,5,5,0,0,0,0,2,0,8,44,173,241,255,255,251,255,249,249,255,253,250,213,75,11,1,0,0,1,3,6,0,2,1,1,6,0,3,49,181,239,253,255,250,255,255,250,255,255,255,210,79,6,3,0,0,0,4,0,0,0,0,0,6,2,5,44,185,248,255,255,255,252,249,255,255,255,251,202,67,16,1,0,0,0,0,4,0,0,0,1,0,6,6,46,173,233,250,252,249,253,254,255,253,255,244,201,67,8,0,2,0,0,1,0,0,2,4,6,0,6,2,40,132,174,202,240,254,255,255,255,255,252,249,196,66,10,1,0,1,5,2,4,0,2,6,2,0,1,0,6,32,44,94,205,242,253,255,254,255,250,250,199,64,3,2,0,0,0,0,0,6,6,0,5,5,5,0,0,0,10,62,199,252,255,255,255,255,255,246,191,53,9,0,0,0,0,6,0,3,0,6,0,0,0,5,3,5,8,60,204,248,255,255,255,255,250,252,192,52,4,0,0,4,0,0,1,4,0,4,2,3,2,0,9,12,21,73,204,248,255,250,255,255,251,245,192,58,4,6,5,0,0,5,0,0,0,4,4,0,0,1,22,63,77,124,215,247,255,255,255,255,253,250,196,86,44,27,1,4,2,0,1,0,0,0,0,0,5,14,64,172,208,225,253,255,249,250,249,255,253,246,235,187,174,136,44,7,0,6,0,2,0,1,0,1,0,8,80,211,251,255,254,255,250,254,251,255,253,255,247,248,239,213,126,25,5,5,0,6,0,0,0,0,0,14,86,215,255,252,255,249,249,255,252,250,255,255,253,255,255,239,170,42,7,0,0,0,0,0,0,3,0,15,77,211,255,255,249,250,255,253,250,255,255,251,255,255,254,248,175,40,0,0,0,0,2,2,5,0,6,10,82,220,252,255,250,255,253,255,251,252,249,250,252,252,255,248,173,31,0,0,5,5,3,6,0,0,0,17,87,224,249,255,249,254,255,255,255,255,255,254,255,251,255,237,163,28,0,0,0,0,3,4,4,0,0,11,84,211,238,249,239,244,252,248,249,250,250,251,247,247,253,233,145,26,6,0,2,3,4,0,3,0,5,12,66,153,176,182,188,191,188,199,202,205,206,201,204,208,203,157,70,6,0,0,0,1,0,0,0,0,0,4,7,32,37,46,54,47,51,62,62,67,72,76,76,72,76,51,18,0,0,1,3,0,0,0,0,2,0,0,0,5,7,10,10,2,0,3,3,15,8,15,15,6,13,9,0,0,4,0
1,1,2,0,0,4,2,0,0,0,3,2,0,0,0,5,0,5,0,0,1,0,0,6,0,0,0,0,4,4,0,5,0,0,0,2,0,0,2,0,2,6,4,0,0,0,2,0,5,0,0,0,0,6,0,0,3,2,0,3,0,5,3,0,1,5,3,0,2,0,0,0,6,4,9,11,1,0,0,0,1,1,0,0,2,0,0,5,0,4,0,2,0,0,3,0,0,17,36,41,62,69,86,76,46,7,6,0,4,0,1,0,3,0,0,0,0,4,6,0,2,1,4,5,21,105,158,181,198,210,219,204,98,9,5,3,5,6,0,0,0,4,0,0,4,0,0,5,0,5,3,22,96,200,238,243,242,246,254,243,128,12,0,1,4,0,0,0,5,0,1,0,2,0,0,0,1,8,28,84,195,246,255,255,250,254,255,237,128,23,0,2,0,0,4,0,0,5,4,3,0,0,0,5,2,63,135,196,238,255,255,250,255,252,255,243,130,20,0,6,0,0,0,5,5,0,3,5,0,0,0,0,21,111,226,253,255,249,255,249,255,255,253,244,148,26,0,0,0,0,6,0,3,0,0,2,3,0,5,0,20,109,229,251,255,255,255,254,250,254,255,237,154,20,0,0,0,0,0,6,0,6,0,0,0,0,3,0,14,100,233,255,255,253,252,255,253,252,255,245,159,35,0,0,1,1,0,4,4,1,2,2,5,0,0,2,7,84,227,253,251,255,253,255,253,252,255,235,167,29,0,0,3,0,5,0,0,3,1,0,4,0,0,0,8,73,209,255,255,250,252,252,255,249,255,244,177,49,0,0,3,0,2,6,4,0,0,3,0,2,0,0,14,64,206,251,250,253,255,255,255,250,255,251,186,48,4,4,3,2,0,0,0,1,0,5,0,0,0,0,3,52,180,230,234,246,254,255,254,255,251,245,203,63,13,2,3,4,6,0,1,6,0,0,4,0,5,0,1,18,81,104,124,204,243,255,255,250,250,255,209,75,16,0,0,6,1,6,0,5,4,0,0,6,1,3,0,1,13,16,49,173,247,251,249,255,255,252,224,83,10,3,5,0,0,0,2,2,0,1,0,0,3,5,0,5,1,6,22,155,238,255,255,250,255,251,227,90,20,0,0,5,0,2,0,0,6,5,0,4,0,0,0,0,0,0,22,153,234,254,255,250,255,251,234,110,10,2,2,0,0,0,0,2,5,4,0,0,0,2,1,5,0,0,26,146,243,252,255,253,255,255,230,119,20,0,1,2,5,2,0,2,2,3,0,3,0,2,0,0,2,0,21,132,242,249,252,253,255,255,241,118,13,0,0,6,1,0,0,6,0,0,3,5,2,2,0,0,2,0,21,128,236,251,252,255,255,255,241,123,16,1,6,0,3,0,6,0,0,4,0,2,0,5,0,0,0,2,12,117,233,255,255,255,255,250,235,130,21,0,3,1,2,0,3,0,3,0,0,2,0,2,2,0,2,1,13,105,214,255,252,250,239,238,232,129,23,0,3,0,0,6,0,4,2,0,0,0,0,0,0,0,0,2,5,43,137,204,213,191,182,166,153,87,14,0,5,0,1,0,0,0,5,1,3,0,4,0,6,0,0,0,1,7,35,76,63,55,44,31,30,14,3,0,0,1,0,6,1,2,0,4,2,0,2,0,0,0,4,3,0,2,8,14,12,4,9,0,0,0,0,3,2,0,1,1,0,0,0,0,3,0,5,0,1,0,0,0,1,5,0,5,5,0,6,2,6,3,0,0,6,1,5,0,0
1,6,2,0,4,0,0,0,4,0,0,5,5,0,5,6,3,3,0,0,4,0,2,0,0,0,1,0,0,0,0,0,4,4,4,0,4,5,5,2,3,4,2,0,0,0,5,0,0,0,0,0,0,6,4,2,0,5,0,4,0,3,3,1,5,6,0,2,0,5,0,6,0,3,0,2,1,0,0,6,0,6,0,0,4,0,6,5,0,1,2,4,0,2,0,0,2,4,5,6,0,4,4,4,0,1,0,0,0,0,0,0,0,1,3,0,4,0,0,1,1,4,1,5,0,5,0,0,0,0,0,0,0,0,0,0,0,0,0,0,0,1,0,1,2,0,5,0,0,3,2,0,2,0,8,5,15,13,3,0,0,1,0,5,0,0,4,0,5,6,3,0,0,0,2,0,0,5,6,5,6,19,34,65,102,102,56,11,0,0,2,0,5,0,4,0,0,5,0,5,0,0,5,1,0,0,3,18,80,140,172,201,229,218,119,22,0,3,0,0,5,1,0,1,0,6,0,0,3,6,0,0,0,1,48,107,179,238,247,248,255,239,145,27,0,1,0,5,0,0,0,0,0,0,0,0,6,1,0,0,0,29,129,215,246,253,255,255,249,244,177,37,0,0,0,3,1,1,0,0,4,6,3,0,0,0,3,6,3,52,187,254,255,254,249,255,255,249,202,71,5,0,0,6,0,0,0,3,3,0,0,0,0,1,0,0,10,39,175,249,255,255,255,253,255,253,231,94,16,0,5,0,0,0,0,6,4,2,0,3,0,0,0,4,0,21,149,235,255,255,255,255,255,255,233,114,18,2,0,3,0,0,0,6,0,0,3,0,5,0,0,5,0,13,126,222,246,245,255,255,255,255,235,144,13,3,0,0,4,0,0,0,0,0,0,3,0,0,0,0,3,18,81,146,153,176,244,254,255,255,238,155,34,0,0,0,0,6,0,2,0,5,0,6,3,5,0,0,4,0,22,26,28,88,217,248,255,255,240,191,61,11,11,1,0,0,3,4,0,0,5,2,6,0,3,0,0,0,2,2,4,40,184,250,249,251,254,221,109,74,82,34,1,6,0,0,6,4,0,0,1,0,5,4,2,0,0,7,6,37,159,244,251,250,255,251,206,193,207,107,14,0,6,0,0,4,0,0,0,1,0,0,0,0,2,41,94,144,206,246,255,255,251,255,244,249,243,136,16,0,0,0,0,6,0,0,3,6,0,6,3,6,9,102,209,237,249,253,249,252,255,252,255,252,242,156,32,1,6,0,4,0,0,4,0,0,4,5,0,1,10,102,235,254,255,249,249,249,253,250,251,255,236,175,49,11,5,0,0,0,1,0,1,5,5,0,6,0,10,73,210,249,252,250,249,249,252,254,255,250,229,152,51,5,0,0,0,0,0,0,0,0,0,0,6,0,0,37,164,237,254,255,247,244,236,236,236,215,175,82,16,0,1,1,5,2,0,0,2,0,0,5,4,0,0,12,97,184,228,220,202,170,152,121,100,76,44,9,0,1,5,0,0,0,0,0,6,3,0,0,0,0,0,0,24,83,116,95,62,42,27,13,15,10,6,3,0,0,0,0,0,5,0,0,3,0,0,1,0,0,5,0,6,2,9,14,14,0,0,4,6,3,0,3,0,0,0,4,0,3,5,4,0,5,1,0,0,0,4,4,5,0,0,0,0,0,4,2,0,0,0,0,2,0,0,6,0,2,0,0,0,0,0,0,0,5,6,0,0,2,5,3,5,0,6,3,5,0,0,2,3,0,0,0,3
2,0,4,41,175,234,255,250,255,255,255,255,255,255,250,233,242,232,212,188,149,68,13,0,0,2,4,0,0,0,6,76,215,252,255,250,254,254,252,255,255,253,255,253,254,254,252,242,232,171,106,41,9,2,6,0,0,4,17,107,232,250,255,255,255,255,250,255,255,255,249,255,254,253,254,255,248,244,206,100,20,0,0,5,0,2,18,129,239,249,249,252,249,255,255,255,255,250,255,255,250,253,255,255,254,254,244,178,59,9,1,6,2,4,30,156,238,255,255,255,255,255,253,255,255,255,253,255,255,255,255,249,255,250,249,227,112,18,0,4,1,0,51,178,241,250,255,255,255,255,254,255,249,255,255,255,255,252,253,253,255,255,255,230,126,19,2,0,0,12,74,216,255,252,251,255,253,255,255,255,255,255,255,255,252,255,254,252,254,255,250,226,109,20,0,0,6,18,108,232,255,249,249,255,251,250,251,250,255,255,255,251,254,253,255,250,255,255,248,207,81,8,0,2,0,21,127,235,255,255,251,255,250,255,251,249,255,251,254,254,251,255,253,255,255,255,238,180,50,1,4,1,3,21,109,201,248,249,255,253,255,251,254,255,255,255,255,252,255,255,251,255,255,249,234,148,22,3,0,5,0,18,89,136,216,243,255,255,255,255,255,255,251,255,255,252,250,254,255,252,255,255,235,126,11,0,0,4,6,76,183,202,235,254,254,255,250,253,253,249,249,250,250,255,255,255,255,255,253,250,228,108,14,2,0,0,0,108,222,255,255,253,251,255,254,251,250,249,249,251,255,255,253,255,250,249,252,248,213,79,10,0,0,0,4,132,243,255,255,255,255,250,250,255,255,255,255,255,255,255,255,255,251,255,254,240,173,43,3,1,6,2,0,152,245,255,250,250,249,251,250,255,252,255,255,249,251,255,255,252,255,252,255,236,154,28,4,0,2,0,0,181,241,255,255,255,249,249,255,254,255,255,255,255,255,255,255,254,255,255,251,245,153,29,1,0,0,0,0,216,247,253,254,250,255,255,250,249,251,255,255,255,254,255,250,255,253,255,251,248,205,70,7,0,0,0,0,233,255,255,250,252,249,255,255,251,250,250,255,251,255,255,251,255,255,252,255,254,207,69,7,0,0,0,4,234,253,254,255,253,253,255,255,254,249,250,255,255,255,255,254,255,254,255,255,239,175,40,8,0,0,4,5,239,255,255,255,249,255,254,253,255,251,252,255,253,255,250,252,253,255,249,250,242,156,26,0,0,1,5,3,241,255,255,255,254,255,255,255,255,255,253,251,249,249,255,249,255,249,255,249,232,123,19,2,0,0,3,3,236,249,254,255,255,251,253,253,253,252,249,255,249,255,254,250,251,254,250,251,234,101,17,4,3,4,6,0,181,222,226,232,239,246,250,249,255,255,255,253,251,250,255,254,255,252,252,245,210,76,13,0,4,0,0,5,64,86,112,123,159,185,219,234,233,237,248,249,255,250,255,252,249,255,255,249,182,46,0,0,0,4,0,2,0,0,0,47,41,58,85,112,128,155,186,217,230,238,244,239,255,255,249,236,144,24,0,3,3,0,0,0,0,2,0,0,0,6,5,6,50,49,60,81,105,134,160,190,214,233,239,189,90,11,1,5,6,3,5,0,0,0,0,0,0,0,0,3,3,0,0,1,4,0,0,0,0,0,0,0,1,0,0,0,0,2,0,0,5,0,0,2,6,1,2,2,0,1,6,0,4,0,0,0,0,0,0,6,0,0,1,0,0,4,5,4
2,0,4,0,5,6,6,1,4,3,0,1,0,4,2,3,0,0,1,0,0,0,0,3,0,0,0,0,0,1,2,0,0,3,3,1,0,0,0,0,6,2,5,3,0,2,0,0,5,0,3,0,0,3,0,0,0,0,3,2,3,6,6,0,1,0,3,7,10,11,9,17,19,7,0,3,0,0,5,1,5,4,3,0,0,0,0,0,6,2,1,3,3,2,26,35,91,123,124,108,89,69,39,33,15,11,2,6,5,0,0,2,0,5,0,0,1,1,0,0,2,26,109,154,199,233,236,234,217,206,179,154,138,115,55,13,4,0,5,0,2,2,0,2,1,0,3,0,6,32,158,236,255,250,251,255,252,244,239,235,246,229,153,51,6,4,0,4,6,5,3,1,3,4,0,4,1,47,188,247,249,255,250,251,254,251,255,255,251,255,222,133,43,2,6,0,0,0,0,3,0,3,0,1,14,72,215,254,251,251,251,252,255,252,254,253,251,253,242,198,97,17,3,0,0,2,6,0,0,0,0,5,9,90,225,255,255,255,255,250,255,255,250,255,255,250,255,234,154,29,8,0,6,5,4,2,0,0,0,0,12,112,231,255,255,252,253,255,252,255,255,255,255,253,252,239,158,25,0,0,0,6,0,2,4,4,0,5,21,121,234,252,250,255,253,253,255,255,252,255,255,249,255,235,146,20,1,5,2,4,1,0,0,3,0,0,16,130,236,255,255,252,255,251,254,255,253,255,255,255,254,244,133,23,2,0,0,2,0,0,1,4,5,4,25,134,232,255,253,255,255,255,254,255,249,254,255,251,250,232,114,19,0,0,3,1,5,0,0,0,0,2,20,103,199,246,255,251,255,255,255,250,255,255,251,253,254,228,97,9,6,0,6,3,4,0,6,0,6,20,87,180,229,255,248,249,255,252,253,254,255,250,255,255,249,216,86,18,0,0,1,0,0,1,0,0,16,68,195,236,255,255,253,255,255,255,255,251,254,255,254,251,251,195,57,8,6,0,0,5,2,1,0,3,15,96,233,255,254,255,255,255,255,249,255,254,255,255,251,250,238,178,32,7,0,5,0,4,6,6,0,0,13,120,238,249,255,255,252,249,255,254,250,252,255,255,255,255,240,156,22,0,0,0,6,1,3,0,0,4,12,132,243,249,253,252,255,255,254,255,255,253,253,253,255,255,238,145,16,6,6,0,4,0,1,1,0,0,17,144,245,255,255,255,255,255,252,253,250,252,255,255,255,251,239,125,16,0,0,0,6,1,6,0,4,0,26,167,239,253,255,255,249,255,252,255,255,251,255,249,251,255,227,112,14,6,0,4,4,0,0,0,0,6,36,167,228,255,255,250,251,252,250,255,252,251,255,255,255,255,229,98,17,0,0,0,1,3,5,0,4,6,36,135,192,217,227,232,233,240,236,241,251,255,255,255,249,255,207,69,11,6,3,0,0,0,0,6,0,0,6,27,51,76,99,117,121,142,153,178,195,210,230,237,242,226,181,53,4,1,0,2,0,0,0,4,5,1,0,6,6,6,11,15,13,22,33,43,57,80,102,118,124,134,103,28,0,0,0,1,0,0,0,0,2,0,4,0,0,6,1,0,0,0,0,2,2,9,15,16,16,14,11,0,0,4,0,0,4,0,2,0,5,1,0,0,3,0,2,0,5,4,2,0,5,4,3,0,0,0,6,4,3,2,0,0,5,5,0,0,2,5,0,0,4,1,3,5,0,0,2,0,5,5,1,0,2,0,0,0,1,0,3,0,3
2,3,5,5,1,0,1,0,6,0,0,4,3,0,0,0,0,0,0,2,3,4,2,0,1,0,2,3,0,3,3,4,4,0,5,3,0,0,0,1,6,2,0,0,4,3,5,0,5,2,0,6,6,3,0,0,1,0,3,1,5,5,0,6,1,0,2,0,0,0,0,0,0,3,0,0,4,0,3,0,0,0,5,3,1,0,2,0,0,0,0,5,0,6,5,2,12,5,18,13,1,4,1,0,0,0,0,0,6,6,3,0,0,0,4,0,0,0,0,7,18,26,32,40,52,74,81,79,36,10,4,0,0,0,0,3,0,6,4,3,0,1,4,1,6,2,0,27,100,143,161,177,195,214,222,208,156,114,46,12,0,0,5,5,0,0,0,2,0,4,4,0,0,0,28,105,199,242,238,238,244,248,255,255,241,216,93,17,0,0,2,6,0,0,0,0,0,0,2,3,0,3,81,189,250,255,255,252,255,250,255,255,254,244,174,65,8,4,0,0,1,0,0,0,0,0,0,4,2,16,138,234,255,255,255,250,255,255,252,255,255,255,228,109,10,5,5,3,0,0,0,0,0,0,4,3,5,17,130,241,255,255,255,255,255,250,252,255,255,255,244,124,20,0,4,1,0,0,5,0,0,0,4,2,5,10,122,236,255,251,251,250,255,253,253,252,255,255,239,136,19,0,5,6,2,0,0,0,1,5,2,0,0,21,107,228,255,250,248,255,253,254,250,255,252,254,245,152,27,0,0,0,0,6,5,0,0,5,3,0,0,9,97,236,255,254,255,252,255,254,254,250,251,255,239,168,28,1,0,0,0,0,4,5,3,0,0,0,0,7,85,210,239,255,255,252,253,253,255,255,250,255,237,167,33,0,0,3,0,1,0,1,0,0,0,1,0,0,39,113,166,225,255,252,255,250,255,255,255,248,215,114,28,0,1,0,5,0,0,0,0,6,0,3,5,0,9,50,143,226,255,250,255,255,251,255,244,225,137,46,6,5,3,0,2,1,0,0,6,2,0,1,0,0,19,101,196,250,255,255,252,250,255,252,240,174,69,20,2,1,0,0,0,0,0,0,2,4,5,0,0,2,33,155,241,249,252,251,255,252,252,255,239,182,142,118,61,12,1,1,1,0,0,2,1,4,4,3,0,6,76,200,248,255,253,255,252,254,255,255,247,248,246,220,107,11,6,0,4,0,6,0,0,1,0,0,6,16,127,229,254,255,255,251,255,255,251,255,255,255,250,238,117,22,0,6,0,0,5,2,0,0,0,6,5,12,128,235,251,249,255,255,252,255,255,255,255,253,255,246,128,15,1,0,0,6,0,3,4,2,0,0,2,9,116,242,251,255,255,255,252,247,246,240,243,235,241,217,133,14,0,5,6,4,0,2,0,5,4,0,0,14,103,223,237,241,235,218,211,193,176,169,147,140,128,118,59,10,3,0,0,0,0,3,2,1,5,0,2,14,51,123,117,117,97,91,74,55,40,36,28,22,11,9,14,0,3,4,4,3,1,0,0,0,0,6,0,0,4,14,21,16,14,11,17,12,7,5,5,0,3,0,5,6,0,6,0,4,1,0,5,2,0,1,0,0,0,1,5,1,0,1,4,0,4,0,2,6,0,0,0,0,0,0,0,0,4,0,6,4,0,0,0,0,2,0,0,6,0,0,0,0,4,2,2,0,6,2,3,3,6,3,0,0,2,4,0,5,3,4,0,5,6,4,6,0,6,1,0,3,2,0,0,5,0,0,0,5,0,0,4,0,3,0,0
2,0,6,1,0,0,0,1,0,0,1,3,0,0,2,0,3,5,1,5,3,0,5,4,0,0,2,0,0,0,0,0,1,0,0,0,5,2,2,1,0,2,0,0,1,0,3,0,0,6,5,0,1,3,3,0,0,0,6,0,1,3,2,3,2,5,5,7,8,5,11,7,1,12,11,13,3,6,0,0,0,2,6,0,0,4,5,0,4,0,0,2,4,0,16,36,54,50,51,57,54,65,64,62,68,52,19,1,0,1,0,2,2,0,0,3,6,0,0,5,0,25,77,166,187,187,191,193,192,200,199,198,196,160,76,8,0,0,2,0,0,1,0,5,6,6,2,0,13,47,165,236,243,243,253,243,253,245,253,253,252,233,161,43,3,0,0,0,0,2,6,0,6,0,0,0,4,62,205,252,255,254,253,255,255,252,252,255,255,246,184,41,0,0,1,0,0,0,3,0,0,0,3,0,11,63,204,245,249,255,252,255,255,254,255,251,255,239,182,53,1,0,0,2,0,0,2,0,0,4,4,4,4,60,198,250,255,255,252,255,255,252,252,255,253,243,186,47,3,3,0,0,0,4,6,0,4,3,2,6,13,63,201,249,250,255,252,255,255,255,255,255,255,245,187,54,0,3,0,0,0,0,1,0,0,2,0,0,10,67,200,239,251,254,253,249,255,255,255,255,249,241,198,61,9,2,0,0,0,0,0,5,0,4,5,6,6,54,158,216,239,249,251,255,255,250,255,255,255,241,195,56,6,0,4,6,1,6,0,6,0,0,0,4,0,18,69,137,223,255,248,254,255,249,255,255,255,247,201,56,2,5,0,1,0,0,0,0,1,0,0,2,0,18,80,180,236,251,250,255,253,254,255,255,255,253,200,69,5,0,4,5,0,0,5,0,3,6,0,0,2,37,144,230,247,251,255,249,255,255,255,255,255,255,217,104,31,0,4,5,5,0,3,1,5,0,3,4,9,53,182,242,255,255,255,255,254,255,255,255,255,255,235,184,53,12,3,1,0,2,1,0,0,5,0,3,5,54,181,242,255,250,255,255,255,251,255,254,249,253,251,209,64,8,0,6,3,0,3,0,4,0,5,0,7,49,179,241,255,255,255,250,255,253,255,255,252,255,250,206,75,4,0,0,0,3,2,5,4,0,3,3,4,45,183,248,255,250,249,249,255,255,255,249,250,255,248,203,73,12,0,3,1,1,0,1,0,5,0,2,0,44,182,242,250,255,255,253,255,252,250,255,255,250,247,214,79,14,0,0,0,0,0,3,2,0,0,0,0,35,173,239,246,248,254,248,251,245,243,244,247,247,248,203,74,16,0,0,1,0,6,0,0,1,3,3,5,37,137,195,204,197,203,201,190,194,192,188,187,190,186,145,50,4,0,0,3,0,0,5,0,1,0,0,5,14,42,64,65,60,64,59,56,51,48,56,51,44,39,31,6,0,0,0,0,1,0,2,0,3,0,3,2,6,12,12,6,4,3,10,8,5,8,0,5,2,0,0,2,0,5,0,0,0,0,4,3,0,0,0,0,6,0,2,0,0,4,5,5,3,1,2,6,0,3,2,0,0,6,0,3,0,0,2,0,4,0,2,0,0,0,2,0,0,1,0,1,2,0,3,0,0,1,1,4,0,4,5,2,0,6,4,0,0,0,3,0,0,0,0,2,6,0,5,5,0,0,0,0,4,5,0,0,2,0,0,0,4,1,0,0,0,0,2,0,3,1,6,2,0,3,6,1,6,0,4,0,0,0,0,0,4,3,0,0
2,0,0,4,3,0,0,0,0,10,15,27,27,17,10,7,5,0,4,0,0,0,0,0,0,0,0,0,0,0,0,4,0,0,0,1,41,87,106,148,147,125,103,75,40,19,13,18,5,0,4,3,0,0,4,0,0,5,3,1,0,4,2,11,103,203,228,239,245,238,231,206,180,156,123,82,28,0,3,0,3,5,0,2,6,0,0,3,2,0,0,21,126,235,254,252,249,250,255,248,239,237,229,181,87,24,1,5,0,0,0,4,5,0,0,4,0,0,0,19,145,243,252,249,255,252,254,255,253,250,255,243,195,87,13,2,4,0,6,0,6,0,0,5,1,0,2,47,174,246,252,253,250,255,255,255,255,255,251,249,233,126,29,2,2,0,5,5,0,0,0,1,0,1,15,74,212,251,249,254,252,255,255,255,252,248,255,254,247,172,55,6,5,0,0,3,6,6,0,0,0,2,21,106,230,255,255,254,255,253,254,255,255,254,255,254,246,180,56,14,0,5,0,0,0,6,1,0,1,2,19,121,223,255,250,255,255,255,255,255,252,252,255,249,245,157,26,3,0,2,2,4,0,0,6,3,0,0,5,88,199,255,249,255,250,252,255,254,255,249,253,255,233,143,21,0,0,0,1,2,1,0,2,6,0,4,2,59,181,245,255,253,255,254,255,254,255,255,255,250,236,118,11,0,0,0,6,0,0,6,1,4,0,2,39,124,224,250,255,255,252,253,255,255,252,255,255,255,220,96,8,0,0,2,6,0,0,0,6,0,0,13,94,220,249,251,250,255,251,252,253,255,253,249,252,250,190,60,15,2,3,4,6,0,0,6,3,3,1,14,120,241,255,255,255,253,255,255,249,255,255,252,243,216,144,35,6,1,0,0,0,1,0,0,3,5,0,18,137,235,255,250,255,255,253,249,255,255,253,255,241,166,60,2,0,5,0,3,6,0,4,5,0,0,0,41,168,242,255,255,254,254,253,255,255,255,255,255,240,149,33,0,0,2,0,2,6,0,5,0,0,0,3,61,200,241,255,249,255,255,255,253,255,253,255,252,250,201,65,4,1,0,2,2,0,2,0,0,0,3,20,90,225,249,249,253,251,255,255,252,255,255,251,255,243,199,60,8,4,0,4,0,0,0,0,0,3,0,9,117,241,255,255,255,254,253,249,255,251,254,252,255,243,165,42,5,1,0,3,2,0,1,0,5,6,5,18,125,228,242,245,255,255,255,255,254,255,255,255,250,237,147,18,0,0,0,0,0,0,2,0,0,0,0,16,71,120,156,182,207,237,244,236,243,255,252,255,255,238,120,11,3,0,3,2,0,0,2,0,3,0,5,6,6,17,27,42,74,100,128,149,178,203,227,241,235,221,95,13,3,0,6,5,1,0,0,0,0,6,0,1,0,0,2,8,18,12,11,27,37,73,101,124,141,136,61,14,0,5,0,1,0,2,2,5,0,5,1,0,1,0,6,5,6,0,0,3,0,17,15,15,23,27,12,0,2,2,0,1,0,0,4,0,5,4,0,2,4,2,2,0,0,2,2,0,0,4,0,0,3,2,0,0,5,0,3,4,0,0,4,5,0,0,0,6,2,0,0,0,2,3,6,4,1,0,0,0,0,0,0,3,5,2,5,0,2,0,2,0,2,0,0,3,0,0,4,3,0,3,0,3,4,1,0,0,1,1,0,0,0,0,0,0,5,0,2,0,0,2,0,0,3,3,2,1,0,0,5,1,5,6,2,0,0,0,0,2,0,0,3,0,4,0,6,1
2,1,0,0,5,0,3,0,3,6,0,0,0,1,3,2,3,5,0,2,0,1,0,0,0,0,0,0,0,5,0,3,0,5,0,0,0,1,0,0,6,0,5,4,0,0,0,0,0,2,0,3,6,0,0,0,4,0,0,0,0,0,6,0,3,6,6,0,0,0,0,0,0,2,1,5,4,2,0,0,0,0,6,0,6,6,0,3,0,4,0,0,3,0,0,0,2,0,2,0,0,3,0,1,0,2,0,2,0,0,4,3,0,0,0,1,3,3,5,0,2,0,0,0,2,0,1,10,4,3,0,0,0,1,6,0,0,3,2,0,0,0,0,6,1,3,4,6,1,0,2,11,24,32,34,51,29,9,6,0,3,6,4,0,0,0,0,0,0,4,0,4,0,5,0,1,0,14,30,87,142,165,172,175,123,81,43,6,0,1,2,0,2,0,3,0,0,0,1,0,0,3,5,5,20,63,133,203,234,238,243,242,234,203,111,25,0,0,0,0,0,4,5,1,5,5,6,0,0,0,0,0,69,168,237,249,249,255,255,255,255,244,168,66,1,2,0,0,0,1,0,6,0,4,0,4,6,0,1,10,114,230,255,255,254,253,251,255,253,255,233,125,18,4,0,2,2,6,4,0,0,3,0,0,6,5,0,18,113,237,255,254,250,249,255,251,255,251,238,147,18,6,0,2,0,6,6,2,0,1,1,2,4,3,0,14,108,236,255,255,255,254,254,255,251,255,245,155,22,4,0,0,0,0,0,6,0,4,0,0,5,6,2,17,84,216,240,236,238,252,255,255,255,248,245,176,42,0,1,0,0,0,0,1,0,6,0,0,0,0,0,6,50,120,135,131,168,224,255,255,255,255,241,190,57,0,4,0,0,4,4,0,4,0,4,3,0,0,0,0,2,18,23,57,140,222,255,255,255,251,252,199,73,10,0,0,0,4,0,0,1,0,2,6,1,0,1,0,0,3,17,98,206,247,253,251,255,255,243,167,54,2,0,0,3,3,0,0,5,1,4,0,6,4,0,3,1,2,27,148,242,255,254,254,254,251,236,162,65,11,0,0,0,3,0,0,0,0,0,2,1,3,0,4,12,22,90,196,244,255,255,252,255,255,255,223,105,8,5,4,0,0,0,4,0,4,0,0,0,0,6,9,48,103,179,246,255,255,254,250,255,251,251,234,132,22,5,0,0,5,0,2,0,0,0,0,0,0,0,14,102,213,252,255,254,249,251,250,255,255,253,234,143,14,0,0,0,2,0,5,5,5,5,5,0,6,4,14,106,238,255,255,250,255,249,255,255,255,249,236,151,23,0,3,2,6,5,0,0,0,6,3,2,0,0,13,93,230,255,255,251,255,255,249,242,246,246,228,149,27,3,0,0,0,4,4,2,4,0,4,5,0,4,9,82,207,241,237,240,230,226,207,191,170,167,143,100,19,4,2,0,4,4,0,1,6,0,0,0,4,0,2,50,123,133,127,113,102,86,72,64,48,24,26,12,0,0,0,5,0,0,4,2,2,0,0,0,0,0,4,0,18,23,12,19,13,13,15,4,4,6,6,0,0,3,3,0,5,0,2,0,0,1,3,0,5,1,0,4,0,5,0,6,0,5,0,0,0,0,0,0,4,3,0,0,0,1,4,6,0,6,5,0,0,3,0,0,0,0,5,0,3,0,6,3,0,0,0,2,0,4,1,2,0,5,2,0,0,0,6,0,1,4,2,0,5,0,0,0,0,0,0,0,0,2,0,1,0,2,0,0,0,5,0,0
2,4,0,0,3,3,4,0,2,0,2,4,3,0,0,1,1,1,4,0,0,3,3,6,5,0,3,3,1,1,4,0,0,0,1,0,0,1,9,14,12,12,6,5,10,0,0,0,0,0,0,6,3,0,5,3,0,6,0,0,2,1,0,2,14,62,101,96,98,81,81,63,51,43,40,28,22,14,0,0,0,0,1,0,5,5,0,1,5,0,0,11,78,170,228,231,228,215,207,204,189,177,170,165,154,89,20,2,4,0,0,0,0,0,5,0,6,2,6,69,179,240,255,255,255,248,249,254,241,238,239,248,238,180,68,1,4,5,5,4,0,5,0,0,0,4,19,131,239,255,251,252,253,251,255,255,252,252,248,255,253,232,120,22,4,0,4,3,0,1,5,0,0,0,19,155,241,249,255,255,252,255,255,251,252,255,255,255,250,246,178,65,13,0,6,0,0,0,0,2,1,0,31,160,235,255,249,255,254,250,253,255,255,255,255,255,255,249,218,96,17,0,0,1,5,2,4,0,0,0,34,165,243,255,249,255,255,255,255,253,255,255,253,248,255,255,219,95,16,6,0,5,0,0,1,4,0,0,43,175,240,249,249,255,255,253,255,255,255,251,252,251,255,252,214,91,12,6,3,0,5,0,0,0,0,2,41,182,243,253,251,254,253,255,250,255,255,255,255,255,255,255,215,70,9,0,0,6,2,0,0,0,0,8,53,196,245,255,254,255,253,254,255,254,254,251,255,251,255,249,207,67,4,0,1,6,5,2,0,5,0,12,64,197,248,249,255,253,255,252,253,255,253,255,255,255,255,247,188,60,5,0,4,0,2,0,0,0,5,10,82,215,255,255,250,255,255,254,250,252,255,255,255,255,255,249,182,43,6,3,0,0,0,1,4,0,1,15,87,216,253,255,255,255,249,255,255,254,252,254,255,255,255,239,170,32,0,5,0,0,0,5,4,2,4,17,89,226,255,250,255,255,255,255,253,251,255,253,255,255,255,245,164,33,6,0,0,6,0,0,0,1,5,20,95,223,255,249,255,250,250,255,255,255,255,255,250,250,255,236,157,31,0,2,6,0,3,3,0,3,0,12,113,229,254,255,252,255,255,251,255,255,255,255,255,254,255,234,143,18,0,3,0,4,3,6,0,1,0,13,112,235,254,251,255,249,253,255,255,250,255,253,252,253,255,238,141,17,0,6,0,4,2,0,0,0,0,17,114,225,247,245,234,237,241,245,238,253,249,249,255,253,255,239,138,18,1,4,0,0,0,0,0,1,1,10,66,126,135,137,155,157,162,174,188,198,198,207,221,231,234,217,126,15,6,2,0,0,0,5,0,0,0,3,5,9,17,16,17,23,35,35,48,52,66,80,87,98,98,105,56,4,0,1,6,5,6,0,0,2,0,0,2,0,6,5,0,2,2,3,2,6,14,13,9,12,21,9,7,6,0,0,0,4,4,2,0,5,0,4,3,4,0,4,2,1,0,0,0,4,0,0,6,1,0,0,4,5,0,0,0,0,0,5,0,0,0,5,2,3,0,0,5,0,1,4,0,3,2,6,2,1,0,6,0,0,0,2,0,0,6,1,2,6,1,0,4,1,0,0,0,0,4,0,0,2,0,5,0,1,0,4,0,1,3,0,0,0,2,0,0,0,0,0,0,0,0,6,3,4,0,4,5,0,0,1,0,0,2,6,0,0,1,0,4,0,0,5,0,0,1,1,0,6,2,0,3,0,6,4,0,0,0,0,0,4,4,0,5,0,6,0,0,5,0
2,0,0,2,5,3,0,3,0,0,3,5,0,1,0,2,5,3,0,4,0,0,4,0,3,0,4,0,0,2,0,0,0,3,6,3,0,4,3,8,8,21,11,19,9,6,10,0,6,0,3,0,0,0,0,2,1,2,0,6,2,0,3,0,8,22,40,90,127,117,101,88,75,56,44,32,29,20,15,15,10,4,0,0,0,0,5,0,0,2,4,7,27,108,157,207,230,241,229,219,211,195,184,165,152,141,133,104,46,15,2,2,0,3,0,0,0,0,0,4,60,189,232,255,255,252,255,253,255,251,242,242,244,234,235,212,134,89,23,4,5,6,1,4,6,3,5,17,81,209,254,252,255,250,254,255,250,255,251,254,250,252,254,255,228,190,87,21,1,3,0,0,0,0,6,14,96,218,255,252,255,251,255,255,250,251,252,255,255,255,255,255,255,234,153,38,5,0,0,0,0,6,0,16,109,227,255,255,255,255,253,254,255,255,255,255,251,252,254,255,255,242,163,32,0,5,0,5,1,4,0,12,121,239,255,255,255,252,251,253,251,255,255,250,250,254,252,251,255,240,150,28,4,4,0,4,2,2,0,15,124,240,254,252,255,253,255,253,251,253,254,255,254,253,251,252,250,242,136,15,2,0,6,0,0,1,0,16,143,243,253,255,252,249,255,255,254,255,255,255,255,251,254,255,253,233,132,10,4,0,0,4,2,0,5,28,145,241,255,254,253,255,254,255,254,252,255,255,254,254,255,255,255,234,118,20,0,0,0,0,0,6,0,22,143,213,234,231,249,255,255,255,255,251,255,255,255,251,254,255,255,236,98,13,2,0,5,0,5,3,4,5,57,89,109,152,222,252,255,255,253,250,255,255,255,250,251,255,252,225,95,11,0,0,4,0,0,6,2,2,22,34,70,141,222,250,248,253,255,255,249,254,251,249,255,253,248,206,73,15,3,2,0,3,0,0,4,20,69,133,169,227,254,254,255,255,255,249,255,255,255,249,255,252,252,192,60,10,0,0,6,0,0,0,25,89,175,235,242,250,253,250,254,255,255,251,255,251,255,255,253,254,249,181,42,9,0,0,0,3,0,8,80,190,242,255,255,254,252,255,249,249,255,253,249,255,255,252,255,250,240,182,60,6,5,1,0,0,1,20,118,225,255,255,255,253,255,251,255,255,254,254,253,255,250,252,254,255,255,227,130,15,6,0,4,3,2,19,130,240,251,255,249,255,250,254,253,251,253,250,255,255,255,255,255,255,255,240,133,12,1,0,3,0,5,23,134,245,254,252,252,254,252,255,250,251,255,255,255,255,253,255,251,255,255,235,124,15,0,0,2,1,6,17,145,235,255,255,254,255,255,255,252,255,255,255,249,255,250,250,255,255,250,235,113,12,0,0,2,0,6,34,168,243,255,255,255,249,250,254,254,254,255,250,251,255,253,251,255,252,255,237,98,12,1,5,0,0,7,46,177,240,250,255,255,254,255,255,255,255,249,252,255,255,255,255,255,254,251,227,87,9,0,0,0,6,4,61,194,243,254,255,251,255,255,255,254,249,252,249,255,249,253,255,251,255,254,210,80,5,0,0,2,0,14,51,160,206,224,234,232,237,236,240,247,244,248,253,255,250,250,255,254,252,244,193,61,3,0,0,6,5,2,14,58,82,99,107,120,131,143,157,166,183,192,210,219,230,233,244,244,239,224,172,47,4,0,0,4,0,0,3,9,16,19,20,9,20,22,23,37,45,64,79,87,110,117,129,139,149,153,109,22,2,1
2,1,6,0,0,1,2,0,11,9,22,19,28,38,41,55,72,89,101,109,127,122,101,39,5,6,0,5,1,0,2,2,0,0,3,23,93,121,132,145,161,161,181,199,205,227,229,235,236,233,216,147,62,11,0,1,1,0,4,1,0,1,10,51,173,227,236,241,234,244,248,241,255,255,255,251,250,253,249,235,155,60,3,0,0,2,0,3,4,0,0,32,180,245,255,253,255,255,255,255,255,255,254,254,249,250,254,255,222,92,10,1,3,6,0,0,2,2,3,34,161,236,255,255,255,255,255,255,249,252,251,251,251,249,255,255,224,98,16,0,0,0,5,0,1,0,0,20,143,244,255,255,255,255,254,255,249,253,255,251,255,255,255,254,240,117,21,6,4,0,0,0,0,0,0,15,134,243,255,249,254,251,249,255,250,255,249,250,255,250,255,255,234,124,19,0,1,3,4,5,0,4,0,19,128,232,250,255,255,252,255,255,250,251,254,255,255,253,255,255,242,130,21,1,2,0,1,0,0,1,0,21,120,230,250,255,249,255,255,254,253,255,253,255,249,250,255,255,239,140,16,5,0,0,0,5,0,0,3,15,104,232,253,255,255,253,255,251,255,254,252,255,252,255,255,255,244,155,27,4,6,6,0,0,4,0,0,19,96,225,253,255,252,255,255,250,255,255,255,254,252,255,255,249,238,170,41,3,6,0,0,0,4,1,0,13,91,219,254,255,255,255,255,253,255,255,255,250,255,255,252,255,249,191,68,11,1,0,0,4,0,5,3,10,77,210,250,255,255,253,255,255,254,253,255,250,255,255,250,250,247,226,155,53,6,1,4,6,0,0,0,25,116,223,249,248,255,250,255,249,255,255,253,255,253,255,255,255,255,252,199,78,17,0,6,0,0,0,5,40,170,241,249,255,252,255,254,254,255,252,255,255,252,253,254,252,255,255,222,89,14,0,0,1,6,0,6,27,166,247,255,255,255,255,255,249,249,252,255,249,255,255,255,251,255,254,226,95,15,1,0,0,0,0,0,23,147,243,255,255,255,255,255,253,255,255,250,255,250,249,253,251,255,255,232,116,15,6,2,0,6,0,0,18,140,245,255,255,255,252,255,253,253,252,252,255,255,255,249,255,251,254,231,118,15,0,4,0,4,0,0,19,134,243,255,255,249,255,250,255,255,252,254,255,252,249,249,253,250,255,238,129,13,5,0,2,3,0,0,14,116,235,252,255,255,253,249,255,255,255,249,255,250,254,252,250,254,249,238,143,23,4,3,4,0,0,6,12,115,236,255,253,255,255,252,249,255,255,254,253,255,255,253,253,254,255,236,147,26,3,0,0,4,0,5,12,100,231,255,249,249,255,255,245,243,243,246,243,233,240,233,235,231,226,196,131,28,0,0,1,0,0,2,9,82,215,245,241,227,230,215,209,200,173,161,158,142,127,127,110,109,88,80,42,8,0,6,1,0,0,4,2,45,121,131,123,116,104,93,75,57,47,27,27,25,16,15,14,8,12,6,2,0,0,0,3,2,5,5,0,8,19,20,11,13,11,14,8,2,0,0,3,0,0,4,0,0,0,0,6,0,1,2,0,0,1,5,1,0,0,0,2,0,0,0,0,5,0,0,6,6,0,0,0,6,2,0,0,5,0,1,1,0,0,0,0,0,0,1,0,0,0,2,5,0,3,0,0,0,0,0,0,0,6,4,0,0,0,0,0,0,0,1,0,2,0,0,0,3,0,0,0,0,0,3,4,0,1,4,0,3,3,0,0,0
2,5,0,1,0,6,0,0,3,5,0,3,1,5,2,0,1,0,2,0,6,0,0,0,0,3,0,1,1,0,1,0,0,3,0,0,0,10,1,0,13,20,11,13,11,2,5,5,2,5,5,0,1,0,0,6,0,0,0,6,3,0,3,7,19,61,59,49,93,121,104,79,53,32,14,12,17,7,0,0,3,3,0,1,0,1,1,1,6,5,3,40,124,186,196,186,219,239,235,208,178,159,134,111,90,60,11,0,0,0,1,0,4,0,0,1,3,0,23,94,217,245,242,242,254,255,255,249,246,243,234,231,215,162,58,15,0,0,0,0,0,0,1,3,0,6,76,177,248,255,255,254,255,255,251,255,253,249,250,255,250,232,174,93,25,0,3,0,2,1,0,4,1,18,127,227,253,255,255,251,255,255,255,255,255,254,253,251,255,253,238,190,90,8,0,1,0,5,3,0,4,29,161,246,255,249,255,251,255,255,249,249,255,255,254,249,255,255,254,239,167,61,0,4,4,1,0,0,3,61,187,246,253,255,255,255,251,255,255,251,250,251,252,253,254,255,255,255,219,93,6,0,0,6,0,0,15,88,224,251,255,254,255,255,255,255,249,254,254,250,255,255,249,250,249,253,219,91,9,6,0,0,2,0,14,106,237,254,254,253,255,251,250,255,255,255,255,255,250,255,253,255,248,251,196,56,8,0,2,0,5,4,12,128,234,255,255,253,252,255,249,255,252,255,255,253,253,253,255,252,255,234,157,33,0,0,0,0,6,5,23,146,246,255,249,248,255,255,254,251,255,255,255,255,255,249,250,255,251,243,142,16,3,4,0,0,0,0,38,160,239,255,255,254,250,255,253,253,255,250,253,255,249,255,255,255,252,240,117,22,4,0,4,0,1,4,32,120,227,249,255,253,249,255,255,249,255,254,254,251,253,251,255,255,255,231,98,14,0,0,1,0,6,3,36,117,227,255,249,255,250,255,255,254,252,255,255,255,255,255,255,255,246,208,64,4,3,1,0,0,3,16,83,185,245,255,255,255,255,250,255,254,255,255,249,255,255,255,253,255,243,178,36,3,1,0,0,4,0,18,128,228,254,250,255,255,251,250,255,253,253,255,250,250,254,255,250,255,238,153,28,0,3,0,0,0,0,37,163,243,255,255,255,255,255,253,252,255,253,252,251,255,255,250,255,253,232,130,13,0,0,0,4,2,8,64,198,243,251,255,255,255,251,255,249,255,250,253,253,255,255,255,249,249,227,110,15,0,6,0,5,0,10,92,225,255,253,255,255,253,255,251,250,255,255,254,255,250,249,255,255,249,215,79,8,1,0,3,0,4,21,111,237,255,252,255,250,255,250,255,255,252,253,252,255,255,250,252,252,241,188,57,4,4,0,0,3,0,12,137,244,255,249,249,255,255,255,253,255,255,251,255,255,250,255,251,255,246,162,31,0,0,0,0,0,2,28,150,241,255,255,255,255,250,255,255,250,254,255,254,255,255,255,255,252,237,132,13,0,0,0,1,0,0,51,184,243,255,253,249,255,255,249,253,255,255,255,255,255,255,255,254,255,230,117,18,2,0,2,0,2,13,70,207,245,255,252,251,252,255,255,254,255,253,255,255,255,255,252,255,250,230,98,12,3,0,0,1,0,10,107,234,255,255,255,249,249,255,255,255,255,255,253,251,255,255,251,250,251,206,69,10,0,0,0,5,0,0,0,5,3,4,255,249,252,253,250,255,254,250,255,255,255,255,255,255,236,175,33,0,0,3,4,0,3
3,2,3,4,3,2,0,5,2,0,6,19,30,69,79,69,70,54,52,51,42,44,35,0,0,6,0,0,0,0,3,3,4,0,2,0,1,16,48,99,144,195,212,201,200,183,168,154,143,134,98,35,4,0,5,4,0,3,0,0,0,1,3,1,11,43,149,218,241,255,255,247,246,242,239,238,239,240,204,110,20,5,0,0,2,1,0,0,0,3,1,0,8,91,221,250,253,255,251,255,255,254,255,255,249,251,238,195,83,9,0,1,0,0,0,4,5,0,6,0,20,113,235,249,252,250,255,250,254,255,255,255,254,251,255,230,151,24,1,0,0,0,6,5,0,4,0,0,16,120,234,255,255,255,255,252,251,251,254,255,255,252,255,245,183,78,3,0,2,0,0,0,6,4,2,0,10,122,232,250,254,255,249,255,250,249,249,255,255,249,255,255,229,130,11,5,0,0,0,3,0,0,6,1,23,126,233,255,255,255,255,250,255,253,253,252,255,248,253,253,235,134,19,0,4,0,1,3,0,0,0,3,22,146,235,255,255,255,255,253,255,252,253,255,250,255,254,255,234,120,19,0,3,2,0,6,0,0,0,0,25,152,242,250,255,252,251,251,255,255,253,255,255,253,252,254,234,104,16,0,0,4,0,5,1,0,0,6,24,147,224,246,252,250,255,255,251,255,250,251,253,252,255,255,227,97,20,0,0,5,0,2,3,0,0,1,23,90,143,169,231,254,255,255,252,255,249,251,249,255,255,251,227,96,13,0,3,1,0,4,0,0,2,5,28,110,126,150,212,250,255,254,251,253,255,252,255,251,251,251,217,77,14,0,0,0,1,2,0,0,0,30,120,200,231,238,246,254,249,251,253,255,255,255,253,255,255,255,209,67,4,5,0,4,0,0,4,1,7,67,200,247,255,255,252,251,255,255,255,255,255,255,252,249,255,251,187,57,2,1,2,4,3,2,0,6,13,75,223,251,255,255,255,252,252,254,253,250,255,255,249,255,255,246,177,51,4,0,0,0,5,0,4,2,20,87,227,255,255,254,250,255,255,255,255,255,255,255,255,255,249,245,172,30,6,0,0,0,3,0,0,5,9,97,235,255,252,255,255,255,255,255,255,249,255,255,253,255,255,236,164,27,2,5,0,1,2,0,3,0,15,108,234,252,255,251,255,255,255,250,249,255,250,251,255,255,255,244,154,21,0,0,5,6,5,5,5,0,19,116,244,252,252,255,255,255,249,255,250,255,252,255,254,249,250,236,143,14,1,0,0,1,0,0,5,6,9,118,236,254,252,255,250,255,253,254,254,249,255,254,255,255,255,233,123,19,2,0,0,0,2,0,5,1,4,68,176,240,255,253,251,255,255,255,255,255,252,255,255,255,243,183,80,2,6,5,4,2,5,1,6,0,5,14,82,190,234,243,238,243,244,252,249,255,255,255,255,243,225,123,26,0,0,2,0,0,5,0,0,5,6,0,18,80,138,144,162,170,181,194,208,220,224,230,229,169,119,54,10,5,0,0,0,6,4,1,5,0,0,0,0,12,19,29,22,36,42,55,66,88,89,97,99,59,14,0,0,4,0,0,2,0,0,2,0,0,0,3,1,6,5,3,0,0,0,8,9,11,13,13,8,4,3,1,1,0,0,0,0,2,4,0,0,0,0,0,3,0,0,0,5,0,0,1,3,1,0,0,0,0,0,1,0,0,1,6,5,5,0,4,5,0,5,2,0,0,4,0,0,6,3,0,0,0,4,0,0,0,0,1,4,0,0,6,0
3,0,5,0,0,0,1,1,0,0,0,0,0,0,1,0,5,0,0,5,0,0,0,0,0,0,1,0,0,0,0,4,2,0,0,0,0,0,3,5,7,3,6,0,0,0,3,4,4,3,0,6,0,0,0,5,1,1,3,5,0,0,13,8,12,21,28,38,63,44,26,12,17,12,1,2,0,0,6,5,5,0,0,6,1,0,0,6,0,15,50,100,115,142,157,173,187,156,115,121,134,98,36,0,2,4,1,5,0,0,5,2,0,5,3,22,37,67,148,226,233,242,245,241,249,240,238,242,239,197,104,16,0,0,0,6,0,2,0,0,4,9,59,133,170,192,236,255,255,255,255,255,252,253,255,253,255,235,149,34,0,0,0,4,3,0,0,0,6,18,90,214,236,242,255,253,255,250,255,255,255,255,255,254,254,250,179,45,5,1,0,0,0,3,0,2,1,15,83,218,248,255,254,254,253,255,253,255,255,255,255,255,255,251,214,69,12,5,5,3,0,0,6,4,2,9,51,185,242,255,255,253,255,249,250,255,252,254,249,252,250,255,224,94,16,0,0,3,1,2,0,5,0,3,35,168,242,255,255,254,250,255,255,251,255,252,255,255,255,255,234,124,16,2,0,6,0,5,6,0,0,0,26,148,236,255,255,255,253,250,251,255,254,254,249,255,252,254,247,161,54,5,0,0,5,6,0,0,1,2,12,124,232,255,255,255,249,255,255,255,254,255,255,252,255,255,255,219,129,27,4,3,0,2,0,3,1,4,10,114,230,255,250,255,255,249,255,255,249,249,251,255,254,255,248,238,174,42,2,0,2,0,6,0,3,0,18,95,222,255,250,255,255,252,255,255,251,255,252,255,255,252,255,251,194,61,3,0,0,2,0,0,4,0,10,52,181,214,220,243,255,255,253,255,255,251,250,255,255,252,252,255,219,90,14,5,0,6,0,0,1,5,4,32,92,115,140,215,242,255,255,252,253,255,255,249,250,255,251,255,236,110,13,3,1,0,0,6,0,0,5,80,146,181,211,233,250,253,253,255,249,254,255,255,255,253,255,255,237,122,19,6,1,0,0,0,0,0,16,126,218,237,252,255,254,255,255,251,255,255,250,253,254,252,255,255,235,138,24,0,3,3,5,0,0,1,14,119,237,252,255,252,255,249,250,255,253,255,255,252,255,255,255,252,239,155,29,4,0,0,6,3,2,0,17,97,224,251,249,255,252,254,250,250,255,250,255,253,255,249,255,255,238,178,46,0,2,3,0,2,2,4,16,85,216,253,255,255,255,249,253,254,255,255,255,255,255,255,249,255,237,157,47,3,0,2,0,6,5,3,8,60,182,241,250,254,255,252,255,250,255,250,255,255,255,255,255,253,197,81,20,0,4,4,5,6,0,6,2,30,160,243,255,252,255,250,255,255,249,255,249,255,255,250,245,209,106,19,1,2,6,0,0,4,1,5,6,28,149,236,255,255,255,255,254,255,250,248,243,241,240,225,169,88,23,0,6,0,0,1,0,0,0,2,0,14,117,218,231,243,246,242,242,230,223,209,173,159,139,114,64,22,8,1,2,0,4,5,0,5,0,2,0,5,53,101,131,179,168,144,122,115,89,63,44,29,21,20,14,0,6,0,0,0,3,0,0,0,6,5,6,0,0,14,38,45,30,27,14,11,9,5,0,0,1,6,0,4,0,0,1,0,0,3,2,3,0,0,0,1,0,1,0,8,0,0,0,0,0,0,0,0,4,0,0,0,6,0,6,1,0,0,0,0,2
3,0,0,0,5,6,2,1,0,0,4,0,2,4,0,0,6,0,0,4,6,0,0,0,1,0,5,4,0,0,5,0,0,0,6,3,0,0,2,0,0,1,0,2,0,0,1,0,4,0,1,3,5,0,0,1,6,0,0,0,2,0,0,0,3,0,0,5,0,6,4,0,1,0,0,0,4,0,2,0,2,3,0,4,1,0,3,0,0,0,5,0,5,1,0,0,6,0,0,1,0,1,4,0,3,4,0,0,1,0,2,0,0,0,0,0,0,2,2,4,0,0,0,0,5,6,5,0,4,4,0,3,0,6,0,4,0,0,1,0,0,0,0,1,0,3,0,0,3,6,0,6,6,1,0,0,0,6,0,0,0,1,1,5,6,1,0,6,0,5,3,0,0,1,0,1,3,0,0,5,0,0,0,6,4,19,19,18,8,0,5,2,3,1,0,0,4,6,0,0,4,0,0,2,14,14,13,26,26,33,39,59,73,89,101,103,55,10,0,0,5,5,2,3,0,0,0,1,3,0,1,10,72,114,127,147,156,164,177,193,214,214,227,221,159,71,8,0,1,0,0,1,5,0,0,0,0,0,0,61,176,232,237,241,242,244,237,244,245,255,253,251,242,168,66,14,3,4,4,6,2,0,2,0,0,6,18,113,230,255,255,249,253,255,255,255,255,255,255,255,251,233,120,21,0,5,0,0,2,5,2,6,4,0,9,121,234,255,250,254,255,255,252,255,253,253,249,253,255,242,140,19,6,2,1,0,1,2,0,4,0,0,15,110,233,255,255,255,250,254,255,251,252,253,255,253,255,234,157,24,0,1,0,0,6,0,0,0,5,0,16,104,234,255,255,250,251,251,255,255,255,255,255,255,251,241,159,38,1,0,6,6,0,0,2,1,4,6,18,83,206,254,255,254,255,252,250,249,255,255,255,254,253,241,171,42,0,2,0,0,2,5,2,0,2,2,13,43,146,224,245,255,255,255,252,249,252,255,255,255,248,241,196,60,1,0,0,0,0,0,5,0,3,0,2,4,41,102,150,219,250,255,255,249,250,255,255,255,250,250,205,67,7,0,0,0,0,0,3,0,0,0,0,0,3,15,54,182,248,255,255,253,255,254,255,255,255,255,217,81,7,0,0,3,1,0,3,0,3,0,0,1,1,16,44,163,236,255,255,252,254,249,254,250,255,255,223,95,10,1,0,0,0,6,3,0,2,5,3,12,58,106,141,203,246,255,255,255,255,255,249,253,255,253,232,105,18,4,6,0,4,1,0,0,0,0,2,17,128,225,242,250,250,255,255,255,255,254,251,255,255,255,233,122,21,0,0,0,0,0,0,1,0,0,5,23,133,242,255,249,255,255,252,255,255,255,255,252,249,255,234,131,23,5,2,6,0,4,1,0,1,0,0,17,120,238,249,255,255,255,255,255,250,255,254,251,249,249,245,140,17,1,0,4,0,0,0,1,5,0,0,9,117,234,255,254,255,255,255,252,255,255,255,250,255,253,234,141,22,1,0,2,5,6,1,2,0,5,1,8,100,231,255,255,249,255,255,254,248,255,255,250,255,247,185,81,4,0,0,4,4,1,2,0,4,0,0,9,85,219,255,255,252,255,251,255,248,243,241,240,234,198,110,27,7,1,0,0,6,6,6,6,3,0,0,6,79,205,236,240,227,225,217,212,192,183,170,154,136,100,37,1,6,1,0,0,0,5,5,0,1,6,0,0,37,115,124,114,115,95,84,79,54,48,35,28,14,8,8,2,0,2,0,1,4
3,0,0,0,0,0,0,0,10,8,12,16,10,13,10,8,10,10,0,0,0,2,3,0,0,0,0,2,0,0,0,6,5,5,2,10,64,95,97,87,83,82,73,59,61,54,48,40,11,0,3,0,6,0,0,0,0,4,4,0,0,0,10,74,171,220,222,225,223,216,203,199,191,186,181,170,88,19,6,0,5,2,0,0,6,0,0,0,1,6,31,146,235,249,255,255,249,254,255,249,252,240,251,233,194,83,23,0,0,0,4,0,4,4,0,1,0,12,83,187,242,255,255,252,254,251,252,255,253,255,255,253,236,184,74,10,6,0,3,0,0,4,0,2,2,23,143,227,249,253,248,255,255,254,255,255,252,255,255,255,255,216,90,9,2,0,0,1,3,0,0,0,5,25,160,240,255,252,255,255,255,251,255,255,252,250,253,250,255,224,87,11,0,3,0,0,0,5,1,3,0,33,168,246,250,255,255,249,251,251,252,251,251,255,251,255,250,225,85,13,0,1,0,1,0,3,6,0,7,34,170,243,255,255,250,255,248,253,255,255,255,255,255,252,254,213,84,17,2,4,2,0,6,0,1,0,0,45,183,246,255,253,249,253,255,255,249,255,250,255,253,249,247,213,69,17,0,5,0,0,1,3,0,4,0,45,181,223,237,244,252,248,253,255,252,252,255,254,253,255,253,217,87,10,0,5,0,0,0,0,0,0,2,24,108,158,172,193,230,255,255,255,255,255,253,254,255,255,251,237,148,37,11,0,0,0,2,4,3,3,5,17,45,107,129,153,222,255,255,255,255,251,253,255,255,251,253,237,180,58,6,0,0,0,0,6,0,0,9,30,123,200,232,232,253,251,250,255,255,254,255,255,250,251,255,251,183,55,5,0,2,0,4,0,1,0,16,72,207,245,255,251,252,250,253,255,255,255,249,253,255,255,248,248,174,43,6,5,2,4,4,3,6,4,11,82,216,255,253,255,254,252,255,254,249,255,255,255,250,255,255,247,170,34,5,0,0,0,0,0,3,0,12,88,223,255,254,255,249,253,255,253,255,255,254,255,255,249,255,245,168,40,1,6,5,0,0,0,0,0,12,91,226,255,255,251,255,252,255,251,255,255,255,255,249,254,253,237,163,26,0,0,0,0,6,3,2,3,16,100,232,255,255,250,253,251,253,255,255,255,249,251,255,252,255,240,164,22,0,3,5,0,1,6,0,0,9,106,232,255,255,254,255,255,255,255,251,252,253,252,253,250,250,235,158,19,0,6,3,0,5,0,3,5,16,106,227,251,252,251,255,253,255,255,255,255,252,255,255,255,255,230,138,14,0,0,0,0,0,0,5,2,2,61,178,235,251,255,255,251,251,250,253,253,255,255,255,255,251,172,66,7,0,5,3,0,0,5,0,5,1,16,84,184,235,240,244,239,236,248,251,250,252,255,250,234,214,123,19,0,6,0,3,0,0,0,0,0,3,3,9,79,145,158,169,168,173,183,193,193,206,205,207,150,94,43,9,5,6,3,6,3,0,6,3,0,0,4,0,10,21,30,31,32,38,50,44,63,61,77,68,51,17,1,6,0,0,2,6,5,0,0,6,0,0,0,0,0,6,0,1,8,8,9,0,12,4,16,6,4,5,3,0,3,0,0,0,0,0,4,0,6,0,1,6,6,0,0,4,0,0,0,0,0,0,0,0,1,0,0,0,0,0,3,5,0,4,0,0,0,0,0,0,1,0,0,0,4,0,6,2,0,0,4,0,0,0,3,0,0,0,2,0,0,0
3,2,2,0,6,3,1,0,0,1,3,3,1,4,0,0,0,0,5,0,3,0,0,0,2,0,5,0,0,0,0,5,6,4,0,5,0,0,5,0,5,2,0,11,6,13,12,14,8,3,2,6,1,1,0,5,4,4,0,0,3,0,0,0,1,13,27,30,33,48,45,63,62,66,78,85,46,14,2,0,0,2,2,0,0,0,0,0,1,6,0,1,24,92,151,168,175,184,181,188,207,206,214,208,157,102,45,0,0,1,6,0,0,0,5,0,3,5,4,22,81,186,239,243,237,243,244,244,247,255,255,252,240,210,120,21,3,0,1,0,5,0,0,3,2,3,1,68,175,236,255,250,255,254,248,255,253,255,255,253,255,247,147,25,0,4,0,3,0,0,1,0,2,2,14,108,222,255,255,252,254,252,252,255,255,255,248,255,255,237,140,26,4,1,0,0,6,3,0,6,1,0,13,105,231,252,251,248,255,249,249,250,251,255,250,252,255,242,148,28,0,0,6,0,0,3,0,0,0,4,17,96,223,252,255,249,255,252,255,249,254,249,250,254,255,245,153,29,0,0,0,5,0,0,5,5,1,1,20,98,232,250,255,255,255,255,254,255,255,255,255,253,254,240,164,37,0,6,5,6,0,0,1,4,0,0,11,85,222,255,249,249,255,255,255,255,255,255,255,249,255,251,200,89,12,0,0,3,0,4,2,1,0,5,9,88,222,252,249,255,255,255,252,249,249,251,255,251,251,254,239,156,31,7,0,4,0,3,0,0,5,2,13,76,219,253,255,251,250,255,251,255,255,252,252,255,249,255,241,183,44,0,0,3,0,3,0,0,1,3,16,74,201,255,255,251,255,255,254,255,251,251,253,249,252,255,244,183,52,0,5,0,1,0,6,0,0,1,6,65,206,247,251,255,255,255,254,255,255,255,254,255,255,251,253,195,50,12,2,0,1,4,2,0,0,1,11,55,191,253,255,253,255,250,249,255,255,253,255,255,255,249,254,198,60,13,0,5,4,2,2,3,4,0,0,43,190,245,250,252,254,254,251,254,251,255,251,255,253,253,246,210,72,12,0,1,0,0,1,1,0,0,4,47,183,243,254,253,255,251,254,252,250,255,255,255,255,255,254,209,78,8,0,0,4,0,4,0,1,0,1,31,166,244,252,255,252,250,255,255,255,252,253,255,255,250,255,218,87,17,0,0,0,2,3,2,0,2,3,31,167,243,255,254,255,253,250,254,255,255,249,254,255,252,252,225,86,16,0,6,0,0,0,0,0,5,0,34,157,236,255,255,254,254,255,255,255,252,253,255,255,253,255,225,85,15,2,0,6,1,0,0,2,1,0,23,158,244,255,255,254,253,254,255,255,254,255,253,251,255,245,170,62,11,4,6,0,0,5,0,0,5,0,27,133,232,255,255,252,255,252,248,245,250,237,238,245,240,175,82,20,0,0,2,0,4,6,5,0,0,0,4,74,164,219,219,213,207,205,203,190,182,181,167,168,152,75,20,2,0,5,0,4,0,1,0,0,0,0,1,15,67,97,86,79,76,66,69,51,48,49,41,35,32,8,0,4,0,0,5,3,0,6,6,0,1,5,0,3,4,18,9,16,5,6,10,0,0,2,3,4,2,1,3,0,0,3,0,0,2,0,0,0,0,0,4,0,0,0,1,0,0,0,5,3,0,1,0,0,4,0,0,2,0,0,0,2,4,4,1,6,0,0,0,3,0,3,0,2,0,2,6,4,0,5,0,0,6,0,0,0,6,0,0,3
3,6,0,3,0,0,3,3,0,0,3,2,0,1,2,6,0,6,5,2,2,0,0,3,2,3,3,4,0,0,6,3,6,6,0,0,5,0,5,0,5,0,0,1,0,0,0,1,6,0,1,6,5,6,0,2,0,0,1,6,2,2,0,0,2,0,0,10,10,7,7,0,0,0,0,2,0,0,5,6,0,4,0,1,0,5,5,6,0,2,2,0,18,40,59,104,102,77,47,24,21,12,7,4,5,0,3,0,4,0,0,0,0,0,0,6,1,1,0,16,77,157,178,229,228,207,178,148,123,108,57,15,0,5,0,5,1,0,4,5,1,0,0,0,0,2,2,18,117,225,253,250,250,254,236,244,242,224,159,62,19,1,0,4,6,2,4,0,2,0,4,0,5,2,1,17,139,242,255,255,255,255,255,255,250,249,235,177,90,17,0,0,0,1,0,0,0,4,4,5,0,2,2,38,164,247,250,255,253,255,254,252,255,249,255,235,179,63,10,0,4,0,6,5,5,5,0,5,5,1,6,70,204,248,249,255,255,255,255,249,255,252,254,251,208,90,9,0,1,0,2,0,0,2,4,0,0,5,19,93,227,255,254,255,254,255,255,255,255,254,253,246,201,61,4,0,1,0,0,0,0,4,0,4,0,0,10,112,234,255,251,248,255,255,255,255,255,255,249,246,162,39,0,1,0,0,0,1,0,4,0,0,0,0,5,99,221,253,255,254,254,255,252,254,249,255,255,238,143,22,0,0,0,0,1,0,0,0,4,0,5,0,9,52,193,242,250,252,255,255,251,255,255,255,254,232,121,13,6,0,0,0,0,2,5,0,0,0,0,3,13,67,196,251,253,251,253,251,253,255,252,252,254,226,94,10,6,0,5,2,0,4,0,5,0,1,0,11,25,100,218,255,255,255,250,255,255,255,255,250,251,204,64,5,0,2,5,4,0,4,1,6,0,4,5,55,95,143,240,251,255,255,255,251,252,250,255,255,239,168,32,0,3,0,0,4,1,0,4,0,0,0,13,125,212,233,254,255,251,249,255,255,255,255,255,255,240,144,18,0,0,1,6,0,0,0,0,0,0,0,37,166,245,255,250,255,255,255,255,255,255,255,250,252,238,121,20,6,0,4,2,6,0,0,4,3,0,2,62,193,241,253,253,255,252,251,255,252,255,252,255,255,224,103,18,0,5,4,6,5,6,4,6,3,0,13,95,224,249,255,251,250,255,252,255,251,255,255,255,249,201,66,10,0,4,0,0,4,0,0,0,2,0,20,116,231,253,255,255,255,249,255,255,249,255,252,255,248,169,38,0,0,6,3,6,0,0,0,4,0,5,13,127,237,250,255,252,255,255,255,255,250,255,250,255,236,149,29,3,0,1,6,0,0,6,0,0,2,2,13,87,203,245,255,255,253,255,253,255,251,255,255,252,237,121,18,0,0,2,1,0,0,1,2,0,0,2,5,39,126,184,217,229,233,245,248,246,255,255,254,240,206,91,8,0,0,0,0,0,4,4,0,0,0,4,0,7,17,45,77,113,134,153,174,210,229,235,219,164,91,38,4,1,0,6,0,0,0,0,0,6,1,0,0,0,2,10,12,15,13,21,41,79,108,119,108,44,12,8,0,0,6,2,0,0,4,6,0,0,3,0,0,3,2,0,0,0,6,1,5,16,21,19,8,5,0,0,0,0,2,0,0,2,0,3,0,5,0,5,0,4,0,0,0,3,0,0,2,0,0,0,2,3,1,0,3,0,1,0,0,0,0,1,4,0
3,2,6,5,5,0,6,5,1,0,3,1,0,6,3,0,0,0,1,0,1,0,5,0,3,0,0,2,0,2,0,6,4,0,0,0,3,5,6,2,2,2,7,4,6,12,13,5,5,0,5,2,0,1,0,3,6,1,6,6,3,0,0,0,0,4,14,16,19,23,31,41,71,89,93,42,16,3,5,0,0,6,5,0,0,1,3,4,6,0,1,7,24,47,80,103,124,137,158,184,203,229,218,163,75,14,2,5,0,0,0,4,6,0,0,3,6,0,2,26,105,182,211,233,231,238,246,244,251,249,255,238,177,88,15,3,0,1,0,0,4,6,5,2,1,0,15,86,197,239,253,255,255,255,255,250,255,250,250,255,231,128,13,0,0,0,0,0,0,3,0,0,1,2,69,176,241,253,251,255,255,253,249,255,251,255,255,250,236,160,27,4,0,0,0,1,0,2,0,3,0,9,90,219,255,255,255,255,252,255,255,250,252,255,252,255,249,173,42,8,3,2,3,0,0,1,1,0,0,16,86,213,255,255,252,249,250,255,249,255,255,255,255,255,252,201,67,8,0,1,0,0,3,5,3,4,0,6,56,193,245,252,254,253,250,255,255,252,254,255,253,255,255,226,97,12,1,0,0,0,0,1,3,0,4,0,29,160,235,255,250,249,250,255,249,255,255,254,255,253,254,232,130,37,8,0,3,1,3,1,0,1,0,2,25,140,233,255,255,255,254,255,252,253,249,250,255,255,255,255,208,107,12,1,1,0,1,1,0,0,2,0,11,127,243,255,249,255,255,249,251,249,249,252,253,248,255,252,240,150,28,4,2,0,0,3,0,0,0,0,20,115,236,253,255,255,254,255,255,255,249,250,253,254,253,255,235,170,33,1,4,3,0,5,0,5,4,5,8,84,209,236,250,251,255,255,249,254,255,249,255,250,255,250,248,201,58,13,2,2,2,2,0,5,0,0,0,35,85,118,207,244,255,251,250,255,255,255,255,255,254,251,251,214,88,9,2,1,0,0,0,0,0,5,5,0,2,46,169,239,255,255,255,255,253,255,251,249,255,255,249,227,101,10,0,5,5,4,0,0,0,6,4,2,20,58,176,237,255,253,255,253,255,254,255,255,254,252,250,236,130,12,2,0,0,0,6,6,0,0,1,63,130,169,225,255,255,255,255,255,249,249,253,255,255,254,251,233,148,21,0,2,6,4,0,0,3,0,15,111,221,245,247,255,254,255,251,255,251,253,252,255,250,255,253,238,167,30,2,5,0,0,6,0,6,6,13,105,228,255,255,255,252,254,250,253,253,252,250,255,250,255,255,247,178,45,5,0,0,0,6,5,0,4,14,78,214,247,252,255,250,253,249,249,255,255,255,255,249,255,255,239,169,55,0,0,0,3,0,0,3,0,3,53,184,244,252,255,255,249,254,255,254,249,255,255,255,249,252,231,123,26,2,2,1,2,0,2,0,5,0,35,164,246,255,255,251,255,250,254,255,251,255,255,253,255,249,211,94,3,0,0,4,1,4,0,0,2,4,27,148,238,249,255,250,255,253,252,251,255,254,255,255,244,225,137,39,0,4,1,4,0,3,1,0,4,0,14,122,241,251,254,252,254,255,249,255,252,243,235,238,182,101,55,11,0,0,0,0,0,0,2,6,0,3,15,100,218,255,248,242,242,242,231,228,209,185,163,132,87,30,6,3,6,6,6,0,6,0,0,4,6,5,5,51,128,200,194,173,153,133,112,99,77,50,28,23,15,4,0,0,0,6,4,3
3,2,1,6,6,2,0,0,21,46,61,58,64,63,53,61,66,56,54,17,2,2,4,2,5,0,3,0,0,0,0,5,0,0,10,46,86,163,190,191,189,202,195,196,196,190,169,79,24,6,0,0,1,0,6,0,1,0,0,0,6,1,53,156,203,241,241,248,243,244,251,254,248,247,236,175,72,19,4,3,5,6,2,0,0,2,0,0,2,2,56,198,239,254,253,255,255,255,249,255,251,255,255,227,166,47,11,0,0,4,6,0,1,3,3,0,6,9,68,204,255,255,249,252,254,255,255,255,255,249,255,241,184,51,0,0,3,1,6,0,4,4,0,2,0,1,67,196,251,255,255,255,255,255,255,255,255,255,254,252,194,53,7,0,0,0,0,0,0,0,6,0,4,13,60,202,242,250,255,255,254,253,255,255,255,249,250,251,192,58,11,3,0,0,0,4,0,0,0,3,0,8,61,199,244,251,249,254,255,249,252,255,254,255,254,253,195,57,11,5,2,1,0,1,0,0,0,0,0,12,54,203,243,250,249,255,255,251,255,255,250,251,255,252,194,55,5,0,2,0,4,6,0,1,0,1,4,4,61,201,254,255,254,255,255,250,250,249,255,255,253,248,192,54,3,0,0,4,0,2,0,3,0,6,3,9,67,198,254,253,249,255,251,255,255,254,255,255,255,244,201,55,2,1,5,0,0,0,3,0,0,0,6,20,85,213,250,254,255,255,255,255,255,252,255,253,253,252,196,60,8,0,0,0,4,0,3,0,1,0,0,48,163,233,251,251,255,255,255,255,255,255,255,252,255,245,196,61,8,0,5,0,1,0,4,0,6,6,10,58,196,242,248,251,250,251,255,255,255,255,255,255,252,253,201,63,13,5,0,0,1,0,0,2,0,4,8,53,190,252,254,252,248,250,255,250,252,255,250,253,255,250,202,58,13,6,0,0,0,0,4,0,5,0,4,61,199,245,255,249,255,250,255,255,255,253,255,250,249,242,193,54,5,0,0,5,5,4,3,4,0,3,3,57,191,251,252,255,255,254,249,255,255,253,253,253,252,251,203,56,8,0,0,0,0,4,0,1,0,0,4,60,191,248,248,255,254,255,251,255,255,255,252,249,255,253,198,59,11,0,0,0,0,0,4,1,0,6,11,59,183,250,255,255,249,249,255,252,253,251,250,253,253,247,190,65,13,3,2,3,0,0,0,0,6,6,11,38,155,228,252,251,249,248,247,248,245,246,244,242,252,236,164,48,9,0,0,3,0,0,0,0,0,2,3,15,80,160,188,191,194,191,190,196,189,199,195,196,195,160,71,18,5,1,0,5,0,0,0,0,1,0,0,6,13,53,61,61,65,54,53,59,62,59,62,60,59,45,14,0,3,0,0,0,0,0,0,3,4,0,6,0,0,7,5,9,13,4,12,12,6,3,2,1,6,2,3,6,0,6,0,0,0,0,0,0,0,0,5,0,0,2,6,1,0,5,5,4,2,3,0,5,0,5,0,4,0,3,0,5,0,5,2,6,0,0,1,0,2,4,0,0,0,0,2,2,5,6,0,0,0,0,3,0,0,0,0,5,0,1,0,0,5,0,0,0,0,5,0,5,0,2,0,4,0,0,0,2,0,0,0,0,0,5,3,4,5,5,6,5,0,0,2,0,3,4,0,1,0,0,0,0,0,0,0,4,1,0,0,5,0,0,0,0,0,0,0,6,0,0,0,0,5,0,4,0,6,4,3,0,6,1,1,0,0,3,0,0,0,0,0,4,0,0,0
3,4,0,0,0,6,0,2,0,6,0,4,0,3,0,3,2,0,0,0,0,0,0,6,2,0,0,0,0,0,5,0,0,3,0,0,0,0,0,0,0,0,1,4,0,0,2,1,2,1,0,0,2,4,4,2,5,0,0,5,6,0,6,3,4,4,0,1,3,4,2,12,13,8,2,0,0,6,5,0,0,3,6,0,2,0,0,5,0,0,4,3,0,3,27,20,19,28,75,96,83,68,45,28,21,18,3,0,4,2,4,4,6,0,4,4,3,0,0,4,13,48,121,150,148,145,183,222,213,195,178,160,146,126,57,18,14,1,0,5,4,0,0,3,0,0,0,7,32,136,215,241,237,241,255,254,249,248,249,235,237,220,162,109,72,21,3,1,5,5,5,1,6,0,0,14,63,186,245,255,255,252,254,254,251,254,255,255,255,255,236,234,196,89,18,5,0,0,0,0,1,5,0,14,82,213,247,255,255,252,255,249,250,255,255,255,253,255,249,255,246,175,60,6,1,4,2,0,2,2,0,18,100,233,249,254,254,251,254,255,251,251,254,255,249,253,255,255,248,226,133,22,0,0,1,1,0,3,5,19,115,235,251,250,255,249,252,255,250,252,255,255,250,255,252,253,255,241,148,26,4,0,0,0,3,3,0,12,128,234,251,252,255,255,253,250,255,255,255,254,255,255,255,255,255,239,140,23,0,0,0,4,0,2,0,13,134,243,250,255,249,255,253,255,255,255,250,253,255,250,255,255,252,236,127,12,0,6,1,0,6,1,0,12,123,218,255,250,255,249,249,249,252,253,251,255,249,252,255,255,255,241,109,12,5,3,0,4,0,6,0,12,57,157,216,227,250,255,253,255,255,255,250,255,252,255,252,255,251,224,93,17,0,0,1,0,0,3,0,23,61,97,124,154,225,255,253,255,249,250,254,251,252,251,255,255,255,215,83,8,5,0,0,5,3,6,14,66,169,196,176,187,235,255,252,252,255,255,254,255,251,255,255,252,242,192,57,12,0,0,3,6,0,0,10,104,220,252,238,242,252,255,249,255,255,255,254,255,254,255,251,249,240,174,46,0,1,6,4,0,0,1,17,115,235,250,255,255,255,249,255,249,255,255,254,253,255,255,253,253,246,163,30,6,2,0,6,3,0,0,20,133,244,253,255,250,251,255,255,251,252,252,255,255,249,255,255,255,240,139,23,0,6,0,0,0,2,0,24,147,238,255,255,252,253,255,255,255,252,252,255,249,255,255,255,255,238,131,21,5,2,3,6,0,3,0,34,157,245,255,251,249,255,251,255,252,255,255,255,255,255,255,250,250,234,120,11,2,0,0,5,2,0,3,40,173,245,255,252,252,255,255,255,255,253,252,249,249,255,255,249,255,222,104,14,6,0,0,3,6,0,7,60,201,243,255,255,251,249,255,251,255,255,255,255,254,255,255,255,255,212,82,6,4,0,0,0,1,2,10,77,205,251,255,255,255,252,255,249,255,255,252,255,252,250,255,255,249,195,61,14,4,6,4,3,0,0,11,56,153,201,235,255,249,251,253,255,248,255,252,251,249,251,252,250,213,140,39,8,1,6,5,4,0,0,0,14,43,72,138,214,243,234,234,246,245,253,250,255,255,246,235,196,132,47,6,0,0,4,1,4,0,0,5,4,7,9,45,98,124,137,146,162,184,197,213,233,227,191,142,95,33,9,3,0,0,4,6,0,4,0,4,6,2,0,6,11,9,15,19,23,46,61,86,109,113,68,31,12,4,4,0,0,0,6
3,3,0,2,2,0,0,5,0,0,5,3,5,0,0,0,3,5,2,2,2,4,3,1,0,0,0,0,0,4,0,3,6,6,1,2,0,0,0,0,0,0,0,0,5,5,6,1,1,0,0,0,0,0,0,0,0,0,0,0,0,1,5,6,9,10,20,11,14,14,6,0,4,4,3,6,0,4,1,0,1,0,3,0,6,3,6,6,0,0,11,57,105,106,94,81,69,65,61,45,45,28,22,6,0,0,1,5,6,0,0,0,3,0,0,0,4,0,12,129,224,226,220,216,216,208,195,179,179,162,147,78,11,0,5,0,0,2,4,0,6,1,0,0,0,0,20,142,247,255,249,255,247,254,241,250,247,244,230,173,66,5,6,0,0,0,3,5,2,4,4,5,2,0,23,152,236,255,250,251,249,255,253,255,255,254,255,230,98,16,6,0,0,0,0,0,0,0,0,0,0,0,30,162,241,255,255,255,255,255,255,255,255,255,253,226,97,19,1,0,1,0,1,0,4,0,0,3,0,0,29,168,245,255,255,253,255,253,255,255,255,254,255,227,94,16,0,4,2,0,2,0,4,6,0,6,5,7,38,169,246,250,250,249,251,255,255,255,254,249,250,219,82,18,6,6,0,1,6,0,0,3,4,6,0,3,44,172,237,244,255,255,255,255,255,255,255,254,249,213,68,4,0,0,3,0,1,0,3,3,0,3,0,1,29,106,165,234,253,248,254,249,255,255,255,252,253,210,81,16,2,0,5,0,3,0,0,6,4,0,0,3,12,30,98,205,248,255,250,252,255,253,250,253,250,220,134,32,0,2,4,6,6,0,0,0,0,2,2,9,44,100,152,227,255,254,255,252,255,255,255,255,251,234,180,40,6,0,0,0,2,6,0,5,3,0,9,50,138,215,245,255,255,255,250,255,255,255,252,255,249,241,170,36,0,0,3,5,0,6,2,1,3,0,17,91,216,255,252,252,250,253,255,254,249,255,251,249,249,240,164,32,5,2,4,0,0,0,2,2,5,0,11,98,229,253,255,255,252,255,255,255,255,255,255,255,255,241,155,24,0,3,0,0,0,0,0,1,6,0,14,112,227,255,253,249,255,255,255,255,250,255,255,255,250,237,154,25,4,5,0,0,0,0,1,0,2,6,12,112,231,255,255,255,249,255,255,254,255,251,253,253,250,236,138,18,2,0,0,4,6,6,0,4,0,1,14,105,225,255,249,249,255,253,250,255,251,249,255,255,252,185,77,11,5,0,0,2,0,0,0,1,0,2,10,75,172,234,240,234,235,241,243,252,248,251,252,246,218,127,17,2,6,3,0,0,3,0,0,5,1,0,2,12,79,140,151,158,164,179,182,193,201,215,213,155,99,51,8,0,4,0,0,0,0,0,0,0,4,2,6,0,13,14,23,32,32,39,52,59,65,72,83,46,17,1,0,0,0,3,0,0,0,6,0,6,2,0,0,0,0,1,2,0,1,3,9,11,9,6,15,10,0,5,2,0,0,3,0,0,0,3,0,2,0,0,1,0,2,0,0,3,0,0,0,0,0,3,0,5,3,0,0,3,0,6,0,0,2,6,6,6,0,0,2,4,6,6,4,2,0,1,0,0,0,5,0,6,0,0,0,6,1,0,5,0,0,5,1,0,0,4,0,0,0,2,0,5,6,0,0,3,0,0,1,1,2,0,0,1,2,0,6,4,0,0,2,0,0,0,0,0,1,0,0,2,6,0,0,1,0,4,5,0,5,6,6,0,4,0,0,6,0,4,3
4,2,0,2,3,0,0,0,5,0,5,4,6,0,2,0,0,0,0,2,0,0,0,0,5,6,0,0,2,5,0,0,5,3,4,1,0,2,1,0,0,0,0,0,2,0,3,6,2,0,1,2,0,5,0,4,0,0,1,4,3,1,0,0,0,0,5,0,1,1,0,2,5,0,3,6,0,1,0,3,0,1,0,2,4,4,5,0,5,0,0,2,0,1,2,0,1,0,1,0,6,5,5,0,0,4,0,0,0,0,4,0,1,0,5,0,4,0,0,2,0,2,0,5,6,0,4,5,27,45,40,31,22,15,0,4,0,0,0,5,0,4,0,2,6,1,3,2,0,0,0,6,0,0,7,42,113,175,183,158,144,100,16,2,0,0,3,0,0,0,0,0,3,6,0,0,4,6,0,0,5,10,53,136,206,241,241,241,229,149,34,0,0,4,1,6,0,0,5,0,0,5,0,3,0,2,3,4,2,61,147,223,253,252,255,255,237,145,16,0,3,0,0,0,4,0,1,4,4,1,1,2,5,5,0,0,22,122,221,253,255,251,255,255,242,139,15,5,0,0,3,2,5,5,0,0,6,0,0,0,0,0,0,10,81,188,244,255,255,255,253,252,233,123,17,3,6,0,0,0,0,0,0,3,2,0,0,1,3,3,12,84,180,240,255,253,255,255,253,255,236,109,17,0,0,0,0,0,0,0,2,0,0,0,0,1,6,4,36,161,233,253,255,255,255,250,255,252,228,97,14,5,3,0,0,6,0,0,2,0,3,0,0,0,4,37,118,207,249,254,254,255,255,254,252,251,216,81,18,2,4,0,3,0,0,0,4,2,0,4,0,12,39,139,218,243,255,250,251,253,255,255,253,251,202,74,13,0,0,2,0,3,5,0,0,1,0,0,0,26,95,207,246,254,255,255,250,254,250,250,255,251,188,71,15,2,0,3,4,4,1,0,3,0,2,6,15,65,182,242,252,255,252,251,254,251,255,250,255,249,217,138,78,14,3,1,5,3,0,0,0,2,0,0,9,105,225,253,249,254,249,255,255,255,249,255,255,253,248,232,150,22,0,0,5,4,0,6,1,0,5,0,14,116,239,253,251,253,255,250,255,255,255,255,252,255,254,248,146,16,0,6,4,2,0,0,0,5,3,6,20,121,242,249,251,254,251,252,255,255,255,255,255,252,255,246,138,20,0,0,6,6,0,1,2,0,1,0,9,119,206,233,235,236,235,244,248,255,255,255,255,255,255,240,130,17,1,2,0,6,0,0,2,0,0,0,7,45,86,97,118,118,135,152,218,255,255,251,254,255,252,222,106,11,1,2,6,0,0,0,3,3,0,2,2,9,6,15,14,20,17,48,174,247,252,255,255,245,174,121,59,8,0,0,6,0,0,0,2,2,1,0,1,5,0,2,0,0,0,39,169,243,252,253,255,227,101,32,8,5,1,0,2,6,0,5,0,5,6,3,1,6,3,0,2,0,8,56,180,228,242,255,249,208,68,11,3,6,0,1,0,1,5,5,1,0,4,6,1,0,4,6,0,0,8,39,135,181,191,207,211,166,50,6,1,0,4,3,0,0,2,3,4,0,5,5,4,4,0,6,2,0,4,7,23,43,64,78,89,67,17,6,6,6,0,0,0,0,0,0,6,1,0,3,3,0,6,0,0,0,2,5,0,0,8,17,16,3,7,4,0,0,0,5,6,0,2,0,0,4,4,0,3,6,5,2,4,0,6,0,0,0,0,0,5,5,4,2,0,0,0,1,6,1,5
4,2,4,6,0,0,0,6,0,4,2,5,0,4,6,0,0,3,0,0,6,3,0,0,1,0,0,0,0,4,6,5,6,3,0,3,0,0,4,0,1,0,3,0,0,0,3,2,2,4,0,4,0,4,0,0,0,0,6,0,0,0,4,0,3,0,0,0,4,0,2,0,1,0,0,5,5,0,5,0,1,2,0,4,0,1,3,0,0,0,1,0,6,0,0,4,6,13,11,20,12,9,2,0,4,0,0,0,2,0,0,0,1,6,0,0,0,0,4,3,0,14,36,41,56,71,84,94,88,45,4,3,0,5,6,0,0,2,0,0,4,0,2,0,6,0,0,1,18,104,164,187,196,202,211,221,213,110,13,6,0,2,0,0,1,0,2,0,1,0,0,3,3,0,1,23,88,199,235,241,242,252,255,255,242,124,16,0,0,3,0,0,0,1,0,2,0,5,0,6,3,1,19,85,186,248,251,255,251,252,255,255,235,124,19,0,0,0,6,5,5,0,3,0,0,2,0,1,0,11,78,181,247,253,255,253,255,255,255,255,239,138,25,2,0,0,3,3,2,4,0,0,0,0,5,0,8,62,173,244,255,254,252,255,255,255,253,255,239,147,23,2,0,2,4,0,0,0,6,0,1,0,1,3,17,107,224,255,255,255,250,255,251,255,249,253,236,158,30,6,0,2,0,0,1,3,0,0,0,6,1,10,55,156,247,255,255,255,255,255,250,252,253,255,240,169,46,7,0,0,0,2,0,2,6,3,0,0,10,36,131,229,249,254,255,250,255,252,255,253,251,248,253,206,138,90,29,3,0,0,3,0,4,0,0,2,5,59,190,253,249,255,255,254,255,250,255,249,253,253,251,248,238,180,49,7,3,0,0,3,0,0,4,5,8,51,200,248,255,255,255,255,255,255,255,255,249,255,250,253,248,213,65,4,0,0,0,3,2,0,0,2,8,44,175,248,248,253,253,255,255,255,255,255,254,255,255,253,253,214,81,15,0,5,0,2,0,0,0,0,1,29,172,245,253,255,250,255,250,255,253,250,254,249,255,255,255,221,98,20,5,3,0,6,1,0,2,0,0,28,153,235,255,255,255,255,252,252,250,252,255,255,255,253,255,228,108,16,0,0,2,0,4,0,0,0,3,26,153,243,255,253,255,254,255,255,253,255,255,255,249,253,253,214,103,18,4,0,3,2,0,1,0,6,0,19,127,223,241,240,239,243,255,255,253,249,249,255,255,254,196,125,50,12,1,0,3,2,0,4,0,6,0,6,78,121,130,112,123,170,231,255,255,255,254,255,251,244,142,35,9,5,0,2,0,2,0,2,0,3,6,2,8,22,18,15,25,66,165,248,255,255,255,255,255,235,129,21,2,0,5,0,6,0,0,0,0,0,0,0,1,5,0,0,0,23,122,233,255,255,251,249,255,229,130,18,1,0,3,0,5,2,0,1,0,5,0,0,0,0,0,5,5,13,110,225,254,251,249,244,236,199,91,10,2,0,0,2,0,2,5,0,5,4,0,0,2,5,0,0,4,11,79,186,212,199,177,169,155,101,25,0,0,6,0,4,5,4,3,0,0,0,0,0,0,0,6,2,0,3,35,75,73,60,40,30,23,18,3,4,0,0,0,0,0,0,0,2,0,6,4,5,4,3,4,0,5,0,0,9,4,1,8,3,3,0,5,0,0,0,3,1,0,0,0,1,0,0,2,0,0,0,0,0,5,1,4,0,5,4,0,1,0,0,0,0,0,4,5,6,0,0,0,6,0
4,0,3,5,2,0,0,0,5,0,0,0,0,0,0,0,1,1,0,4,0,0,0,6,0,1,0,3,1,3,0,2,0,0,4,2,0,0,5,0,0,0,2,0,0,0,3,5,0,6,0,0,0,0,3,0,5,5,2,4,6,0,5,0,0,6,2,0,5,0,0,4,2,0,0,5,0,3,1,6,0,2,0,1,5,0,0,0,0,0,6,2,3,0,2,0,6,0,9,2,3,5,8,7,6,9,5,5,0,3,1,1,4,5,0,5,3,0,0,0,1,6,2,5,1,10,43,57,53,60,52,49,57,49,50,52,35,10,3,3,0,3,0,0,0,3,2,4,0,6,0,5,13,75,160,189,194,196,191,193,186,191,183,187,154,59,11,0,3,6,2,0,0,0,6,1,4,0,5,5,48,159,228,252,243,242,241,249,249,251,245,243,201,66,8,0,6,0,0,0,0,6,6,1,0,0,2,15,79,190,248,250,255,253,255,248,255,249,255,252,212,75,9,0,2,0,4,2,2,4,3,6,5,8,15,77,174,233,255,255,255,253,255,255,255,255,250,255,211,69,15,0,0,4,5,0,0,0,0,6,7,26,79,167,226,252,249,254,249,255,253,252,250,251,255,254,209,64,15,5,0,0,0,5,0,0,0,0,19,81,170,233,255,255,255,255,255,255,254,253,255,254,249,253,198,62,11,5,0,0,0,0,0,6,0,11,87,173,233,255,250,252,255,255,249,255,255,251,251,253,255,246,207,65,14,3,0,4,0,3,0,1,8,53,170,233,255,249,250,251,255,254,255,250,255,249,255,255,255,245,198,63,5,6,0,3,0,2,0,4,24,88,201,245,249,255,255,255,255,249,255,255,249,249,255,255,255,249,194,69,10,0,5,4,4,0,0,7,49,174,236,253,251,254,255,253,249,255,249,255,249,250,252,255,255,249,209,94,45,14,2,3,0,0,6,6,58,188,248,255,254,251,252,255,249,255,251,255,253,255,251,255,255,255,238,192,142,45,0,3,0,0,3,11,58,201,243,255,255,255,255,253,255,249,255,255,252,253,255,254,253,251,250,245,190,48,4,0,1,0,3,12,57,194,250,255,255,255,252,255,250,255,249,255,253,250,251,252,252,250,255,243,193,56,7,4,0,4,5,11,65,202,248,255,255,255,253,255,252,255,255,252,255,255,255,250,255,253,255,241,184,51,11,0,0,0,3,13,63,198,249,249,255,255,255,251,255,255,251,255,254,254,253,251,251,251,251,246,183,51,3,0,5,0,0,11,72,209,246,250,249,249,255,253,255,254,255,251,250,255,255,253,255,255,251,249,182,48,10,5,0,0,0,7,75,207,249,255,255,253,253,250,253,255,255,251,255,255,249,255,255,255,253,244,182,55,9,3,1,3,5,4,70,204,240,251,242,248,244,248,255,248,255,255,253,253,255,255,252,255,254,245,177,46,9,0,0,1,0,3,46,146,184,181,184,184,189,200,213,247,255,253,249,251,249,255,255,252,239,205,156,36,0,6,0,0,4,0,13,31,51,53,55,51,56,68,117,219,246,251,252,249,255,251,254,247,198,105,52,15,0,0,0,0,5,5,4,0,1,5,7,5,11,12,75,212,255,255,249,255,255,255,255,248,180,54,10,0,0,1,2,0,0,0,3,6,2,0,0,0,0,16,70,200,243,249,246,249,254,249,244,232,151,32,0,0,0,0,0,0,3,0,4,0,0,0,2,0,0,5,60,161,202,198,194,203,205,206,199,161,77,7,0,0,6
4,0,1,6,2,0,5,4,1,0,0,4,6,2,0,0,0,0,0,0,3,0,3,0,0,5,5,2,6,5,0,4,5,0,3,1,0,2,0,0,0,3,3,0,5,2,0,6,0,2,0,6,2,0,1,3,3,4,4,5,0,0,0,6,5,0,0,4,4,6,3,5,2,0,5,0,0,0,0,0,1,0,0,0,0,6,0,6,0,0,0,0,3,0,0,3,4,0,3,1,9,18,10,20,10,11,1,4,5,0,0,1,6,0,0,1,0,2,3,1,0,3,1,0,6,3,30,42,55,78,95,101,110,87,31,0,0,6,0,2,0,0,0,0,0,6,2,0,0,0,1,0,9,59,136,175,202,212,218,231,236,204,129,30,7,0,5,0,0,0,0,0,3,0,4,0,0,3,0,0,28,135,219,246,247,255,255,255,255,248,193,67,9,0,0,4,0,3,5,0,0,0,2,0,2,6,0,0,45,171,239,252,253,255,252,255,250,255,216,86,17,4,4,2,0,0,0,0,2,1,0,0,6,0,0,26,107,205,247,251,255,249,253,250,252,255,226,106,20,1,1,6,4,0,5,0,2,4,1,0,4,0,12,88,184,242,252,252,254,251,252,252,251,249,239,113,21,0,4,2,3,1,0,0,4,0,1,0,1,9,70,182,243,255,255,252,252,255,255,253,249,255,243,126,13,0,0,0,2,0,0,5,0,1,0,1,0,63,168,243,250,254,254,255,255,255,254,255,255,249,242,129,19,1,0,0,0,0,5,6,5,0,0,0,22,109,221,255,255,251,255,255,255,255,249,254,255,255,238,150,30,7,2,0,0,0,4,0,0,2,4,5,57,155,237,253,255,255,255,255,251,252,255,255,251,255,243,210,118,44,5,0,5,0,6,0,2,0,4,33,117,217,255,251,252,255,249,250,255,253,255,249,255,255,252,246,211,133,36,7,0,0,0,6,0,1,5,60,193,246,249,254,255,249,254,255,249,255,255,255,250,255,255,250,238,189,53,9,2,1,6,3,6,0,1,52,190,248,249,252,253,253,254,255,252,250,255,255,255,255,254,255,248,208,77,6,6,1,0,4,4,0,3,41,173,242,255,249,255,255,254,253,255,255,249,255,251,250,252,255,255,227,92,13,4,0,6,0,5,0,0,30,160,242,254,253,249,251,255,255,255,255,255,253,255,254,255,255,255,224,107,19,0,6,2,0,0,0,0,28,145,243,255,255,255,255,255,255,255,255,255,255,250,248,252,251,255,220,100,10,0,1,0,0,2,4,4,23,136,227,251,251,255,249,255,252,255,255,255,254,255,250,255,250,233,148,41,1,5,2,3,6,2,5,6,8,90,187,235,236,244,233,234,243,252,252,255,251,255,250,254,243,180,66,2,1,0,2,1,5,0,0,4,0,24,86,141,136,127,107,113,165,245,253,255,255,251,252,250,246,158,30,6,0,0,0,2,0,0,1,3,0,0,13,22,15,22,8,24,106,225,249,243,239,243,241,243,222,147,24,0,0,0,0,6,0,0,4,0,0,5,0,0,4,5,5,13,72,181,195,183,159,149,141,124,105,66,13,0,5,0,4,0,0,0,0,2,5,0,0,0,0,0,1,6,21,63,56,48,35,28,12,20,12,9,0,0,0,0,0,4,2,2,3,6,0,0,0,5,2,0,0,3,8,5,9,0,0,1,0,6,2,6,0,3,0,4,3,5,0,3,4,0,0,6,0,1,6,1,0,6,0,0,4,0,0,3,0,0,3,3,0,0,3,2
4,0,0,4,1,2,0,2,0,0,2,3,0,1,4,1,0,0,3,0,6,0,5,0,6,3,0,5,0,1,4,3,0,0,0,6,0,4,3,0,4,0,0,3,2,0,0,0,0,0,6,1,0,0,0,0,6,2,0,0,6,0,0,1,3,4,0,3,9,9,8,3,2,0,0,0,0,0,0,0,5,5,0,0,0,3,0,1,0,4,1,0,0,0,2,4,38,53,58,51,39,43,28,16,0,4,0,6,0,4,6,6,5,0,4,0,0,1,0,0,0,0,18,54,144,188,185,185,175,178,160,67,15,0,6,0,2,6,0,4,0,0,6,0,6,5,0,0,0,10,68,154,226,248,251,244,244,241,209,87,17,0,0,0,4,1,0,0,5,6,0,0,5,0,0,4,4,65,161,231,246,255,251,249,255,255,221,93,11,0,3,0,6,6,5,0,0,0,6,0,0,5,2,0,29,149,227,248,252,255,250,255,250,253,227,82,17,5,4,5,0,1,4,2,0,0,2,0,0,0,0,21,77,186,245,252,255,251,252,254,255,254,223,82,6,0,0,4,4,1,1,1,2,0,0,0,1,0,20,84,177,234,247,255,255,251,254,253,255,249,212,76,12,0,2,0,0,0,1,0,0,0,0,0,0,20,79,184,233,249,250,255,255,249,255,253,252,253,211,74,15,2,0,0,2,0,0,0,0,2,0,0,11,53,172,239,255,250,255,252,255,254,255,249,253,252,207,72,7,0,1,0,1,0,5,0,0,0,2,8,27,107,207,243,255,254,255,252,252,255,249,254,252,252,206,61,5,0,4,1,0,0,0,3,0,0,4,27,100,195,246,255,252,255,254,249,249,255,254,255,251,243,195,60,5,4,0,5,0,3,0,0,2,0,2,49,183,239,253,255,255,255,255,255,255,252,251,255,255,252,205,77,30,11,4,5,0,0,2,0,0,0,15,68,205,246,255,255,250,255,255,250,255,255,250,255,249,255,239,175,123,32,0,4,1,0,1,6,0,0,6,71,205,249,255,254,255,255,255,255,255,251,255,252,253,255,252,232,181,48,8,3,6,5,1,0,0,6,17,81,215,247,251,250,250,255,255,254,249,255,255,255,255,255,255,249,182,41,0,0,0,0,4,0,0,0,11,81,218,249,255,254,249,252,255,255,255,250,255,255,255,249,255,237,179,38,2,6,4,1,0,3,0,1,17,81,218,249,254,255,255,254,253,255,249,253,255,255,255,255,249,244,171,33,0,1,0,0,0,2,0,2,12,88,218,253,255,255,251,250,252,255,254,251,255,255,251,253,255,244,172,31,3,4,0,1,0,0,3,0,8,86,208,238,238,244,245,247,253,253,250,255,252,255,255,254,250,247,170,30,0,0,2,1,0,0,5,4,5,57,136,160,164,169,170,188,205,242,255,250,255,253,249,247,242,217,146,22,0,0,2,1,0,0,2,0,0,5,27,28,40,33,37,61,127,238,255,255,254,255,255,240,188,103,53,5,6,3,6,3,3,3,0,4,0,1,0,0,0,6,0,11,97,231,255,250,250,253,250,240,158,36,0,4,0,1,0,2,5,0,0,0,0,0,6,0,0,0,0,18,100,217,253,253,246,249,249,239,148,17,3,0,0,0,5,0,0,2,0,4,6,4,0,0,0,5,5,14,85,173,198,198,197,210,213,202,123,21,0,0,0,0,0,3,0,2,0,6,2,0,0,1,3,0,0,3,27,52,64,68,70,71,74,75,43,3,3,0,3,1,0,0,4,0,0
4,0,0,1,4,1,4,6,0,4,6,4,0,0,0,0,1,2,2,4,0,0,0,4,0,0,1,1,0,2,0,3,0,6,1,0,1,4,0,5,2,2,1,0,5,0,4,0,0,0,3,4,0,0,6,0,0,0,4,5,0,0,4,4,6,2,0,6,0,0,0,0,0,0,0,0,0,5,0,5,0,4,0,0,0,2,3,0,0,3,0,2,4,0,2,6,0,5,3,6,4,0,0,0,0,6,6,0,0,1,4,0,2,0,5,0,2,0,0,0,6,0,4,0,0,12,42,69,61,45,41,29,24,18,17,16,5,0,2,0,0,0,0,4,0,0,1,6,0,4,0,0,6,44,131,189,196,187,167,165,153,145,136,75,9,0,0,1,0,1,3,3,4,0,6,6,0,4,4,0,24,107,214,249,255,240,245,239,243,248,220,128,16,0,1,6,2,5,0,0,0,3,0,4,3,0,0,13,70,169,242,251,255,253,255,255,255,255,238,136,19,0,2,0,0,2,0,0,0,2,1,0,0,0,11,64,159,237,249,249,255,255,252,254,254,255,243,120,17,6,0,2,4,4,6,1,0,6,4,0,0,1,30,129,229,255,249,249,254,255,250,253,253,251,240,117,14,2,0,1,1,6,0,0,1,0,0,0,0,11,71,181,251,250,254,255,253,255,249,253,254,255,230,107,13,0,0,4,0,1,3,0,0,0,0,0,0,33,150,231,250,250,255,253,255,252,255,255,253,251,236,101,20,3,2,1,2,0,1,0,6,0,1,0,20,90,201,242,255,255,254,251,250,255,255,255,255,250,226,95,8,5,3,0,0,0,0,1,0,4,5,1,36,159,229,255,255,254,251,251,255,255,255,249,255,252,228,92,24,7,6,3,6,2,3,4,0,1,2,2,45,177,248,252,253,255,252,255,254,250,253,252,249,254,238,162,105,38,0,0,6,6,0,0,1,3,2,8,55,189,250,255,255,249,255,255,255,255,255,255,255,255,249,241,192,61,15,6,6,4,0,5,6,0,3,10,66,199,249,255,253,255,251,255,255,249,254,248,255,251,255,246,200,61,3,0,0,1,4,6,6,4,5,11,74,217,254,255,250,255,255,255,255,255,249,255,248,249,255,249,178,47,0,0,2,4,3,0,0,6,6,18,86,225,252,255,255,255,252,255,250,253,254,254,255,255,255,238,175,42,0,0,0,5,4,0,0,0,6,17,96,228,255,250,255,255,249,251,255,255,252,255,254,250,252,236,163,25,0,0,3,0,0,5,6,0,0,9,92,217,246,235,245,244,249,255,255,249,249,251,255,255,255,240,141,25,2,0,0,4,0,1,0,0,6,10,59,130,155,154,161,172,207,244,254,255,252,255,255,255,240,188,79,7,0,0,0,0,1,0,0,0,0,5,1,12,23,22,31,52,146,240,255,255,255,254,255,247,184,90,14,0,0,0,0,2,0,2,0,1,6,0,5,3,6,0,6,16,123,226,252,255,255,255,255,246,147,23,0,5,2,0,1,0,0,2,0,1,0,1,0,1,0,0,5,6,92,178,201,210,221,228,235,221,115,12,0,0,3,0,0,1,0,2,3,4,0,0,4,0,0,0,1,4,22,56,74,80,87,98,105,104,59,2,0,0,1,3,2,2,2,0,0,5,0,0,6,0,0,5,6,6,4,1,7,17,10,12,15,15,10,0,0,0,0,3,4,6,0,0,0,0,0,0,2,2,5,2,0,0,0,2,0,2,0,0,5,0,5,5,0,0,0,5,0
4,5,2,5,3,0,5,0,0,6,0,6,0,0,0,0,5,0,5,6,0,0,0,0,4,5,0,0,0,0,0,0,0,0,6,3,0,3,0,0,0,3,0,0,3,0,0,0,5,5,0,3,0,0,0,0,0,3,0,2,5,1,0,5,0,4,2,6,3,0,0,0,8,13,17,12,22,18,1,0,5,3,1,4,6,1,5,6,6,0,6,0,4,0,0,4,0,0,0,28,65,98,116,141,140,68,19,0,0,4,0,0,0,0,6,3,0,0,6,0,6,0,5,0,4,1,7,97,196,234,241,239,217,112,14,0,0,6,2,5,1,1,0,6,0,2,2,2,5,4,1,0,1,4,26,137,241,255,255,250,236,139,22,0,5,5,0,5,3,5,0,0,0,0,6,5,0,0,2,1,0,15,83,196,245,254,255,255,247,159,28,0,2,0,0,2,0,0,0,0,0,1,6,3,0,0,6,0,7,40,154,236,250,255,254,255,244,183,51,7,3,0,0,4,0,6,0,1,0,4,0,0,0,0,0,0,13,59,185,241,248,255,248,251,255,216,78,10,0,0,0,0,0,0,3,0,5,4,4,3,1,4,2,0,27,109,208,251,253,255,255,255,255,236,112,14,2,0,0,0,4,0,0,0,0,0,0,6,3,0,5,11,78,186,248,251,255,248,249,251,255,239,127,29,0,0,0,1,4,0,0,0,0,3,2,1,5,1,5,46,155,238,255,253,255,249,255,255,252,238,165,98,56,16,1,1,0,2,0,2,2,0,0,0,6,1,29,134,223,255,255,250,254,249,255,255,251,254,229,206,153,32,4,4,0,0,0,0,0,0,0,0,0,8,66,192,247,255,255,255,251,253,255,251,255,255,249,253,206,66,14,0,0,3,3,0,3,0,4,0,0,4,54,194,248,249,255,255,255,255,255,255,255,253,255,255,223,96,10,0,5,0,0,0,6,2,0,0,0,0,40,161,239,255,254,252,250,255,249,254,255,254,255,255,233,112,20,4,0,5,0,6,0,1,0,0,4,3,28,143,242,254,255,252,255,249,248,255,252,249,255,255,225,121,14,1,6,6,4,2,0,0,0,0,0,0,17,128,234,255,253,255,255,253,255,251,252,252,255,224,157,83,14,5,0,1,0,5,0,0,0,0,6,0,18,97,222,244,238,232,216,214,239,251,255,255,250,189,58,17,5,0,0,0,5,0,5,3,3,1,0,0,16,59,139,143,129,106,89,115,205,242,255,255,245,199,60,6,6,6,6,1,0,0,0,0,0,1,0,0,0,16,29,20,12,16,12,45,124,202,236,237,215,166,59,7,0,5,0,0,2,0,1,6,0,0,3,0,0,0,0,1,0,4,4,10,33,101,120,104,86,56,12,2,0,0,1,3,0,0,2,0,6,0,0,0,0,0,4,1,0,6,0,6,2,13,21,17,12,10,0,0,0,0,5,0,0,2,4,2,4,0,0,0,0,0,0,6,0,6,4,5,2,3,0,3,1,0,0,0,6,0,6,5,0,4,1,0,0,4,6,0,0,3,5,2,0,1,0,0,1,0,1,0,0,0,5,0,0,1,6,2,2,3,0,3,5,5,0,5,3,0,2,2,5,3,0,0,3,0,1,0,4,0,5,5,0,5,0,0,0,3,0,0,0,5,5,5,0,5,0,0,0,5,0,5,2,0,5,0,1,0,5,0,0,0,5,0,0,0,0,0,0,0,3,5,2,3,1,0,1,0,1,0,0,0,0,2,1,5,3,3,0,3,0
4,0,0,0,3,1,3,0,3,0,0,0,0,5,0,8,7,11,16,13,6,2,0,0,4,0,0,2,4,0,0,4,0,1,6,0,0,0,2,6,15,27,41,56,79,97,99,72,19,6,0,3,6,0,6,4,0,2,0,0,0,5,0,0,6,0,5,51,127,163,177,190,210,220,218,166,40,9,0,2,6,4,2,0,1,0,0,0,0,0,0,6,6,2,38,130,216,244,246,245,255,254,252,208,62,3,0,3,0,4,5,5,3,0,0,1,6,0,0,0,0,2,44,174,242,249,255,254,250,250,255,221,81,14,4,6,5,3,0,0,3,0,0,4,3,6,0,2,2,18,96,203,251,255,255,255,251,255,255,223,92,20,5,6,0,0,0,2,0,2,0,6,0,4,1,0,20,78,184,246,253,255,250,255,250,254,253,239,104,10,0,2,0,0,5,0,0,0,6,0,0,1,0,6,59,167,236,255,252,249,255,253,252,255,250,238,123,12,0,6,0,0,3,5,4,4,6,5,0,2,0,22,121,231,253,252,255,253,254,255,255,254,255,241,131,21,1,6,0,0,3,3,2,0,0,1,1,0,10,59,161,247,255,251,255,255,255,251,255,252,249,236,139,24,0,0,0,0,4,0,0,3,0,5,0,1,33,133,224,255,249,251,254,250,255,255,255,255,253,246,168,49,17,4,4,4,0,0,0,0,1,0,0,13,79,202,250,252,255,254,252,255,254,249,250,253,255,249,217,142,101,28,6,0,0,0,5,4,1,0,6,16,113,222,255,255,254,255,251,253,255,255,255,251,249,255,253,231,184,56,7,3,1,0,6,1,0,0,1,48,164,244,254,250,255,255,255,255,255,255,255,255,255,250,249,255,207,72,6,5,0,0,2,2,0,0,4,46,174,239,249,254,255,255,251,255,254,253,255,255,255,248,255,255,217,90,12,0,0,3,0,1,5,5,0,25,165,236,250,249,255,255,255,255,249,252,255,255,255,252,255,255,226,99,12,4,0,0,5,0,0,0,5,29,153,240,255,255,255,255,252,255,255,255,253,251,255,255,249,252,240,121,17,0,4,0,4,6,0,4,6,14,138,236,255,255,250,255,255,254,255,255,250,251,254,251,255,244,216,115,19,2,6,0,2,0,0,2,5,10,117,226,247,237,235,238,241,254,255,254,255,249,249,255,243,194,113,48,1,0,6,0,5,1,3,3,4,9,86,162,168,158,139,135,164,232,250,255,255,255,251,251,246,154,32,9,4,4,0,0,6,3,0,1,4,0,23,45,31,30,19,22,62,154,235,250,255,249,255,252,248,163,32,0,2,2,5,0,6,0,0,1,0,6,1,7,1,0,0,0,14,94,212,246,245,238,240,238,234,166,47,0,1,2,4,6,0,0,2,4,2,5,0,0,0,0,3,6,9,56,174,212,195,173,165,146,138,103,27,7,2,4,6,0,0,0,0,0,6,0,0,4,0,0,0,6,0,22,60,79,65,40,29,27,16,19,7,0,3,1,0,0,6,6,0,0,0,5,3,0,5,0,3,0,3,5,5,7,7,8,0,5,0,0,0,0,1,0,0,2,0,0,1,0,0,2,3,3,0,0,0,6,5,0,0,0,5,3,0,0,0,0,0,2,0,3,0,3,0,6,0,3,0,0,6,0,0,5,6,0,0,0,0,0,0,6,0,2,0,6,0,1,0,0,2,0,3,5,0,0,0,0,0,0,0,5,0,0,0,0,4,6,2,3,4,5,0,4,2,4,0,0,2,0,2
4,6,2,0,0,0,5,6,0,6,0,0,5,0,0,0,2,0,3,0,0,1,0,5,0,4,2,3,0,5,0,3,4,5,2,0,0,0,1,6,6,1,2,6,0,0,4,2,0,0,5,0,0,3,6,6,0,0,0,0,0,0,4,0,3,0,0,0,0,0,12,20,10,15,11,3,0,2,3,0,0,0,3,0,0,1,0,3,0,0,6,4,0,3,12,22,27,48,75,94,107,120,57,6,6,3,0,0,0,0,6,3,6,0,0,0,0,0,4,2,0,21,77,132,157,173,207,223,241,222,114,15,5,0,4,0,0,0,5,0,1,2,0,0,3,0,0,0,7,65,168,237,244,240,245,255,255,246,139,24,5,6,0,2,2,0,0,0,0,6,0,1,4,5,0,9,54,153,232,255,255,255,251,255,254,238,161,33,0,0,2,0,4,5,0,5,0,0,3,0,0,0,4,33,118,217,255,255,255,250,253,250,250,246,175,40,1,0,0,0,5,2,2,3,0,0,0,0,0,0,15,78,192,250,250,255,249,250,255,255,251,244,209,74,9,3,5,1,0,4,4,6,0,3,0,0,0,0,29,140,234,251,255,255,254,253,255,255,255,255,229,92,15,5,3,0,6,0,1,6,4,4,0,0,1,0,36,165,244,255,255,255,255,255,249,251,255,255,237,106,15,4,2,6,0,4,3,0,0,4,0,4,0,11,108,212,249,251,249,249,251,255,255,255,252,255,243,144,46,30,11,1,0,1,0,0,0,0,3,4,6,81,187,240,255,250,249,255,255,251,251,250,255,252,246,217,173,114,26,0,4,0,3,4,0,0,0,7,60,164,238,252,255,248,255,255,253,249,254,249,255,252,255,255,227,171,37,0,0,5,3,0,0,4,4,47,146,230,255,255,255,252,255,255,255,255,255,255,254,255,255,250,250,201,66,8,3,0,0,0,0,0,11,61,193,244,250,255,255,252,255,249,254,255,255,255,252,255,254,249,254,214,89,14,0,2,0,2,0,2,0,38,183,241,249,255,253,255,254,255,255,249,255,251,255,254,250,252,255,233,104,15,0,0,4,0,3,2,6,22,160,244,255,249,255,255,255,251,255,254,255,255,255,250,254,252,254,234,130,14,0,0,1,0,3,0,0,15,133,236,255,255,251,253,255,255,251,255,255,253,255,248,255,255,254,232,134,16,4,0,2,0,0,4,0,13,114,232,255,255,253,251,255,255,250,250,255,255,252,251,249,249,240,200,109,13,0,0,5,0,5,0,5,10,98,233,253,255,254,243,238,240,249,254,255,255,255,252,255,243,207,95,28,8,0,0,0,1,0,0,6,12,76,200,232,220,209,186,159,150,157,223,255,249,251,253,255,244,205,77,8,0,0,0,0,1,0,6,0,3,34,101,111,98,75,50,29,15,53,183,237,248,255,249,249,255,231,90,12,0,0,4,5,0,0,0,2,1,0,6,18,19,5,8,0,0,20,150,237,251,255,249,255,251,241,112,13,4,6,4,0,2,3,0,5,1,2,0,0,0,0,6,5,0,14,131,237,251,243,241,245,238,216,104,15,0,0,0,0,0,0,5,0,0,0,1,0,0,0,5,5,0,19,104,201,209,172,151,135,116,95,50,0,5,0,3,0,6,0,0,6,4,0,6,0,2,0,3,6,0,7,37,81,75,43,23,13,10,9,7,0,2,2,0,4,0,0,6,0,0,5,1,3,0,0,3,4,0,5,5,6,5,1,0,1,0,0,0,0,2,2,6,1,0,4
4,0,0,0,0,4,0,0,0,6,3,5,3,0,0,5,2,4,0,0,0,0,4,4,0,0,0,3,1,4,6,6,0,0,0,0,5,6,4,1,6,4,0,0,5,6,2,5,0,0,0,0,6,0,0,2,0,3,5,0,1,5,0,3,0,0,2,0,0,0,1,6,1,0,5,3,2,0,4,0,0,4,5,0,3,1,5,0,0,0,4,0,6,0,0,0,4,4,0,1,6,11,0,0,1,6,3,0,0,3,0,1,0,0,6,0,5,3,0,2,0,0,5,0,0,3,16,64,88,62,48,26,21,13,17,2,2,0,4,0,0,2,0,4,0,4,0,5,6,0,0,1,0,19,92,170,211,198,170,155,140,126,95,40,0,5,0,1,1,0,3,0,0,2,0,3,0,0,0,7,32,105,196,237,255,248,243,238,236,239,213,92,13,0,0,5,4,1,0,4,2,0,1,0,3,0,18,61,135,213,244,255,249,252,255,255,255,255,216,82,7,0,0,1,0,0,6,0,0,0,0,1,5,20,63,164,228,255,255,255,255,255,255,252,253,247,196,61,0,0,3,0,0,3,2,0,0,0,1,4,10,48,123,232,255,253,255,255,251,255,250,255,255,244,166,33,0,0,0,1,2,0,6,4,0,0,6,8,61,139,209,251,255,255,255,255,255,252,255,252,252,241,153,28,5,5,5,0,0,3,0,0,0,5,3,67,168,220,248,254,254,255,255,249,255,255,255,249,255,243,132,16,0,2,6,5,0,5,6,2,0,5,20,146,225,247,250,255,253,252,250,255,255,250,255,252,255,241,118,22,3,1,0,4,6,1,0,1,0,0,43,172,244,255,253,255,255,255,250,254,255,255,255,255,251,243,149,47,1,0,3,0,0,4,0,2,1,9,68,198,251,250,254,253,250,249,255,249,249,255,255,255,255,250,213,123,50,12,0,6,0,4,0,0,0,10,82,222,255,255,255,253,255,253,250,255,253,255,255,249,255,253,245,214,146,36,6,0,1,0,0,0,0,19,107,235,249,252,255,250,255,251,255,252,255,255,253,253,255,251,255,236,161,34,6,2,0,3,2,0,3,12,129,243,253,249,252,255,255,255,254,248,255,255,252,255,249,255,253,239,157,23,0,0,3,2,0,0,0,13,128,231,242,244,247,252,255,255,252,255,255,249,255,255,255,255,255,236,142,13,3,0,6,0,4,5,3,17,78,138,170,188,213,226,235,253,255,253,255,253,248,255,252,253,255,228,116,17,0,4,5,5,0,0,0,0,14,21,34,59,85,99,136,213,248,249,255,255,252,255,248,251,241,192,84,13,0,0,0,2,0,0,0,4,0,5,0,7,13,23,66,188,240,250,254,255,249,249,231,181,157,97,28,1,2,0,2,0,1,6,0,6,0,1,0,0,0,15,67,198,253,253,253,255,249,244,202,68,29,16,8,0,0,0,0,0,0,0,0,1,2,0,0,0,0,10,56,158,225,246,245,250,255,241,165,31,1,2,3,0,0,0,0,0,0,1,4,0,0,0,2,3,0,0,9,64,145,177,201,214,228,223,134,17,1,0,3,0,2,5,2,0,0,5,0,0,6,3,6,0,0,3,3,11,20,45,63,84,110,119,77,15,1,0,3,6,1,3,0,5,4,0,5,0,0,2,1,0,0,0,0,0,6,3,3,10,10,13,14,0,4,6,3,0,0,0,0,5,2,0,5,6,3,1,0,0,0,2,4,0,0,0,6,0,4,0,1,4,6,0,6,6,0,6,3
5,5,0,4,0,0,0,4,0,0,0,6,0,5,0,6,6,3,0,4,0,0,1,0,1,6,0,2,1,0,6,2,5,0,5,0,0,0,0,1,0,3,3,1,2,0,0,2,3,0,4,0,4,0,2,4,0,0,5,4,0,0,0,22,39,25,18,12,10,14,9,0,7,0,4,1,0,0,2,0,5,4,5,0,0,0,0,5,0,1,9,76,159,159,137,128,110,86,74,39,25,23,20,19,10,4,0,0,5,0,0,0,0,0,0,0,0,3,20,115,229,241,237,237,235,223,202,173,154,134,119,98,49,9,0,3,0,6,4,4,0,5,0,0,0,0,16,139,237,250,250,249,255,255,251,245,240,242,238,221,122,11,0,6,2,0,6,5,0,0,6,3,0,5,19,156,239,253,251,255,255,254,255,248,255,255,255,240,119,9,0,0,0,0,0,3,0,0,0,0,6,5,41,163,240,255,255,253,255,251,255,251,255,255,255,228,106,12,1,0,4,1,0,6,2,0,5,0,0,4,61,193,247,253,254,252,255,253,255,255,252,253,247,215,80,18,0,0,3,3,6,0,0,0,0,4,4,7,80,214,255,254,255,255,250,253,249,253,255,255,250,197,57,4,0,3,0,3,3,6,6,0,0,0,0,8,100,228,250,250,255,254,255,255,255,255,251,255,236,175,43,0,0,0,6,6,0,0,4,0,0,0,0,9,113,237,255,255,255,253,255,255,252,254,254,255,241,151,33,6,0,0,0,0,3,0,2,0,4,5,0,22,130,233,249,255,255,253,255,254,255,255,255,251,243,168,53,0,0,0,0,4,0,1,0,5,0,0,2,29,158,234,255,255,255,255,253,255,255,255,255,255,255,217,103,10,0,6,0,2,0,0,0,4,0,0,0,37,172,236,255,255,254,255,255,252,255,254,252,255,255,230,96,13,0,0,5,0,0,0,0,6,5,3,5,67,203,241,250,250,249,250,251,249,255,255,252,251,247,214,81,18,5,6,5,6,0,0,4,0,0,1,19,89,223,254,255,255,254,255,254,249,255,249,252,255,246,194,54,1,0,0,0,0,1,0,5,0,5,1,14,102,235,255,252,255,255,255,254,252,250,255,255,255,236,174,35,6,6,0,0,0,0,0,0,5,0,0,11,125,233,251,252,251,249,252,255,255,255,255,250,250,233,145,24,5,5,4,4,5,0,6,0,2,6,6,15,131,237,255,253,255,251,255,255,251,250,255,255,255,242,131,20,0,1,0,2,1,0,1,0,1,0,0,21,152,245,255,255,253,255,253,255,250,251,255,253,255,231,118,13,0,2,6,0,0,6,3,6,0,3,5,37,172,245,249,251,255,252,253,255,254,251,255,255,252,225,91,17,6,0,0,0,0,4,4,2,0,0,12,64,184,247,255,250,255,255,255,253,255,250,255,250,237,155,60,8,3,0,0,3,0,0,0,0,2,0,11,51,154,195,213,235,241,242,238,244,247,251,249,234,176,59,15,3,2,3,5,0,0,0,6,0,2,5,0,4,29,60,86,100,125,133,151,169,204,208,184,128,87,17,0,5,4,0,4,0,0,3,0,0,0,0,3,0,4,5,12,14,22,22,29,46,62,86,66,25,3,6,0,6,1,0,0,4,0,2,1,0,0,5,5,4,0,0,3,0,3,2,1,0,13,11,11,0,0,0,0,3,0,0,4,0,4,5,3,4,0,3,0,0,4,4,0,3,0,0,0,0,6,0,3,0,6,0,0,0,1,1,6,0,0,6,2,0
5,3,3,6,3,0,0,0,0,0,0,0,6,3,0,1,5,0,3,1,7,0,2,0,2,0,0,4,0,3,0,0,4,3,0,0,0,0,0,6,2,0,17,13,19,26,40,60,26,4,1,0,0,6,6,0,0,0,0,4,2,0,4,2,0,0,13,14,24,36,70,101,130,156,177,190,83,7,0,1,3,0,3,5,0,5,1,0,2,4,3,0,2,17,64,116,146,170,208,224,243,235,241,226,121,16,0,0,0,0,6,4,2,0,0,0,0,5,0,0,0,48,168,234,240,247,252,254,253,252,254,240,136,25,3,0,0,0,1,6,4,4,0,6,1,3,5,5,5,98,217,253,255,254,255,255,251,251,252,237,170,27,5,0,2,0,3,0,0,3,0,2,0,5,5,5,18,120,232,255,255,252,255,255,255,253,255,246,193,59,6,5,5,0,0,6,6,0,2,5,1,0,5,6,40,167,238,255,251,255,255,249,255,253,249,255,230,100,20,0,0,4,2,0,0,6,0,0,0,0,0,1,30,161,237,255,255,248,253,250,255,255,255,255,239,171,75,7,0,0,0,0,3,0,0,5,0,1,1,0,14,135,233,251,250,252,255,253,255,255,252,250,255,227,137,19,0,0,5,0,2,0,0,6,0,0,2,5,11,122,236,255,254,255,254,255,255,251,255,253,255,239,177,33,4,0,0,5,6,0,0,1,4,4,0,0,12,96,226,249,255,249,249,255,255,249,255,251,255,254,211,76,16,0,1,4,5,0,0,0,0,0,0,6,3,63,189,246,249,255,252,251,254,255,255,249,255,254,226,99,11,6,6,5,0,0,0,1,0,0,0,5,0,33,168,240,250,254,253,249,252,250,253,252,255,254,236,120,14,3,1,3,0,0,0,0,5,0,1,0,0,30,169,251,254,253,255,255,255,254,255,255,252,250,241,147,26,5,0,3,1,1,0,0,5,3,0,0,8,85,207,253,255,255,255,254,251,255,250,251,255,254,235,169,36,5,0,3,0,2,5,0,3,2,4,0,7,87,213,252,255,249,255,249,251,255,255,249,252,249,228,136,39,4,0,5,0,5,4,0,0,0,4,6,14,55,195,252,252,255,251,250,250,250,255,253,255,251,219,102,15,0,0,0,0,3,5,0,4,0,0,5,0,31,166,236,249,250,255,252,255,255,254,253,255,236,178,69,10,5,0,0,0,2,4,3,5,5,5,6,5,19,131,234,255,255,255,255,253,255,255,249,233,170,86,15,4,0,0,2,0,0,0,0,0,0,4,0,4,21,107,231,254,255,253,250,244,235,242,218,158,58,19,0,0,0,1,2,0,3,0,0,0,0,0,0,0,18,79,180,220,234,226,210,178,146,129,97,61,13,2,0,4,0,0,0,0,5,2,4,0,0,0,2,0,3,19,56,120,126,105,77,50,25,12,10,6,0,0,0,0,0,4,5,5,0,0,2,0,0,4,3,2,0,5,8,16,11,13,14,1,0,5,4,0,0,3,0,0,0,0,0,2,0,0,0,2,0,0,2,0,0,2,2,0,5,0,0,6,6,2,3,1,0,5,0,1,0,0,1,0,0,4,2,3,2,5,6,3,0,0,6,3,6,1,0,5,5,4,5,5,0,2,0,0,1,5,0,0,0,3,0,2,4,0,0,0,0,0,0,0,0,3,0,2,4,0,3,4,0,0,0,0,6,0,1,4,0,0,3,0,0,0,0,2,0,0,1,0,6,0,6,0,5,0,0,4,1,5,1,1,0,6,3,0
5,0,0,2,0,0,0,0,0,6,3,0,0,0,2,1,2,1,0,2,0,4,5,0,2,1,0,4,0,6,3,3,0,4,0,6,0,6,0,0,4,0,0,0,4,6,5,1,2,0,0,6,0,3,0,3,0,5,3,0,4,0,5,4,3,0,0,0,6,5,8,14,16,22,30,39,43,10,0,6,0,2,6,3,0,0,0,0,6,2,0,0,0,5,12,15,13,19,43,77,103,124,153,168,139,40,3,6,6,0,1,0,6,1,6,0,0,1,13,21,26,46,81,113,125,154,183,210,234,237,240,242,200,70,16,0,0,0,0,5,2,6,2,0,4,18,83,123,156,181,211,228,242,237,245,246,255,255,252,255,231,105,14,0,4,0,1,0,6,3,0,0,3,31,157,229,238,249,246,255,255,250,253,254,252,255,255,255,234,127,19,5,0,3,0,3,0,0,0,0,0,24,142,246,251,255,250,252,255,251,255,250,250,255,254,252,233,144,27,2,0,0,0,0,0,4,3,0,4,22,117,237,255,255,254,249,253,255,255,252,255,252,254,251,243,172,43,6,0,5,5,0,0,6,5,6,0,9,101,220,255,255,252,252,249,255,255,255,255,255,255,254,249,203,69,8,1,4,0,0,6,0,0,0,6,11,72,197,244,255,253,253,255,251,250,250,253,255,255,255,255,224,93,20,1,0,0,4,0,5,0,0,2,1,43,165,246,254,249,255,255,255,249,252,255,253,255,255,251,236,123,17,0,0,0,4,0,4,2,0,4,0,24,142,237,252,251,252,255,255,255,250,255,255,255,255,249,235,143,17,0,5,0,4,3,0,5,0,0,0,23,123,237,249,252,255,254,254,251,255,249,250,255,255,250,246,167,35,0,4,2,0,6,0,0,5,3,1,38,152,246,252,255,251,255,253,250,255,255,255,251,250,254,245,198,66,7,2,0,0,0,4,6,5,0,13,59,200,250,255,255,248,253,249,255,255,252,251,249,255,250,253,230,92,18,0,6,2,0,1,0,0,4,0,36,173,242,255,255,255,253,255,255,254,249,255,250,254,250,255,233,120,16,4,6,0,0,0,5,6,3,2,23,154,234,255,249,254,250,255,249,255,255,255,255,251,249,253,245,147,17,0,0,1,0,0,0,0,0,0,15,126,241,253,253,253,251,252,249,255,255,250,253,250,252,255,239,168,35,0,0,0,0,4,0,0,0,4,18,106,230,255,253,255,254,250,250,255,255,255,255,252,253,251,253,195,63,11,4,0,0,0,3,5,0,0,12,70,212,255,255,252,255,252,255,249,255,251,252,255,252,250,251,220,84,7,1,0,0,2,1,0,0,3,8,48,175,242,250,250,255,255,255,255,255,255,255,254,252,255,233,176,58,9,4,2,4,0,0,5,4,0,2,25,152,238,255,255,255,254,249,251,255,252,255,255,255,230,172,93,13,0,1,0,2,0,0,6,5,3,0,19,122,236,255,255,255,253,255,255,255,243,233,241,228,154,52,18,0,5,1,0,3,5,6,0,4,0,0,8,96,214,242,251,246,242,231,227,215,172,150,132,100,55,11,0,4,2,3,0,0,0,6,0,4,1,0,8,38,110,129,184,170,149,123,101,80,42,23,15,11,9,2,2,0,0,0,0,0,0,5,6,0,0,6,0,6,15,23,48,41,22,11,13,17,9,0,4,0,0,5,6,5,0,0,0,5,3,0,0,0,0,0,1,0,5,6,9,3,4,4,6,6,2,0,6,0,0,6,1,0,0,6,1,0
5,1,6,0,0,0,0,0,0,2,0,0,5,0,0,0,6,5,0,0,0,2,0,0,3,5,6,0,0,6,0,5,0,0,0,0,4,5,0,0,5,0,4,0,1,0,1,6,2,4,0,2,4,4,0,0,0,0,2,3,0,4,0,1,4,12,13,5,3,0,0,1,0,0,4,6,0,0,0,0,1,0,0,6,2,1,0,0,0,0,0,0,38,91,92,55,34,25,22,15,8,7,0,0,5,5,3,6,0,2,0,5,0,0,0,6,6,6,3,16,88,203,220,191,167,136,115,100,73,47,25,20,18,7,3,0,0,0,0,1,5,0,0,0,2,0,0,13,124,232,249,243,234,240,242,232,201,180,153,128,111,82,57,37,23,9,6,0,0,0,5,0,4,1,5,25,139,234,250,249,255,253,249,255,247,248,243,244,230,223,186,157,133,63,10,5,1,0,0,2,0,2,4,36,163,237,255,255,255,255,255,255,254,250,255,251,252,250,248,240,221,119,18,0,0,5,4,0,0,2,11,47,185,242,249,252,251,255,255,255,253,255,255,253,251,254,255,254,229,108,19,0,3,4,0,0,6,5,8,87,219,252,253,251,255,253,254,254,255,255,255,255,255,249,255,249,214,80,9,5,0,0,0,1,2,0,16,103,228,255,255,253,254,249,255,250,253,255,249,254,251,255,248,246,193,54,4,2,0,0,4,0,0,0,15,126,235,250,254,252,252,255,252,255,255,255,255,250,255,255,255,246,164,30,0,5,6,0,0,6,0,0,21,152,240,255,255,254,251,255,254,255,255,255,250,255,255,254,255,236,140,16,2,6,0,3,0,3,0,5,58,184,246,252,251,251,250,255,255,255,251,254,255,255,255,255,255,231,118,14,1,0,1,0,6,4,9,55,148,233,246,255,255,255,255,255,255,255,249,251,255,253,255,255,251,222,92,8,0,0,0,2,0,6,12,100,215,255,254,255,255,255,255,253,255,250,255,251,255,254,255,255,252,199,70,5,2,0,2,0,0,5,17,125,235,255,250,248,254,255,255,255,255,255,249,251,255,255,255,252,244,171,43,0,6,0,0,1,3,0,19,135,236,255,255,249,255,255,255,249,255,253,255,255,255,251,254,255,245,153,26,3,0,0,0,0,1,0,39,169,244,250,255,255,251,255,255,251,255,255,250,251,255,253,255,255,232,126,11,0,3,1,0,0,3,6,57,194,247,255,255,251,255,255,255,253,255,255,255,253,253,255,255,254,231,109,16,0,0,5,0,3,1,19,90,217,255,255,253,255,250,252,255,255,254,255,255,255,255,251,255,253,220,76,9,0,0,0,2,0,0,17,113,236,255,252,255,255,253,255,251,255,255,252,255,255,255,253,253,239,189,48,3,6,4,0,1,0,0,5,108,231,249,255,255,255,252,255,255,251,252,250,249,252,255,250,251,245,162,22,0,0,2,0,1,5,0,0,57,162,236,243,241,246,255,249,255,255,255,255,255,252,255,252,245,217,118,18,0,6,0,5,0,2,3,0,15,68,109,147,162,192,221,230,234,235,244,245,255,249,250,243,233,152,52,12,0,4,5,6,0,0,3,0,6,10,19,25,36,52,83,117,129,150,184,211,228,240,219,190,177,80,21,1,0,0,0,0,0,0,6,0,6,1,0,1,6,6,19,17,21,25,48,75,104,124,107,59,43,24,0,6,6,0,0,0,5,2,2,0,0,0,2,0,2,0,0,0,3,4,1,15,14,17,13,8,7,0,3,4,6,2,0,2,1
5,6,0,0,1,0,0,4,2,0,0,4,5,3,6,3,0,0,0,1,0,4,5,0,5,0,0,4,0,0,0,4,17,15,19,9,11,7,11,8,8,10,0,10,3,0,5,0,1,2,0,0,5,0,0,0,6,0,5,56,94,106,101,94,81,76,80,65,63,56,52,39,46,38,28,28,26,16,2,0,6,5,3,2,5,3,15,122,222,232,229,227,226,215,217,210,195,196,190,186,180,174,161,157,148,76,8,1,6,0,1,0,6,0,25,149,240,255,255,254,255,253,255,255,250,248,250,240,238,235,244,247,228,110,10,5,0,1,4,0,0,0,22,143,242,251,255,255,252,255,255,254,255,254,252,249,249,255,255,255,238,108,16,6,0,5,0,0,0,0,17,156,244,251,254,255,254,255,255,249,255,255,255,252,250,255,255,251,234,111,16,0,0,2,0,0,4,0,24,150,238,253,250,253,249,255,253,250,254,250,255,253,255,249,250,254,227,104,13,0,2,6,0,0,0,0,26,165,234,253,252,255,250,253,253,255,255,251,255,255,249,255,255,255,227,102,18,2,0,0,3,2,4,3,35,159,236,255,255,251,255,251,250,254,251,252,255,255,255,255,249,251,227,88,8,0,6,3,0,0,0,1,37,173,238,248,255,249,255,255,255,255,252,252,251,255,255,255,250,255,219,85,17,0,5,4,2,2,6,0,41,173,240,250,255,255,253,255,255,255,254,253,255,251,255,254,252,253,210,76,14,0,0,2,3,0,0,0,42,180,247,252,255,255,253,251,253,255,255,251,255,252,251,255,255,255,210,81,15,1,6,1,0,4,0,3,56,184,241,255,253,254,255,250,253,249,253,251,250,253,255,255,255,252,208,72,5,3,6,1,0,0,6,1,52,195,248,255,255,249,254,255,255,254,255,255,252,255,254,255,250,253,196,63,7,1,0,0,0,0,4,10,69,198,250,253,253,255,255,252,255,255,255,255,255,254,252,255,250,251,194,51,3,0,0,0,0,0,5,15,69,209,252,255,253,255,255,252,255,253,251,255,255,250,255,255,255,251,189,47,2,0,0,0,0,1,4,11,69,212,247,255,255,255,251,255,254,255,255,249,255,251,255,255,255,245,181,42,0,0,5,6,0,0,0,6,87,217,253,249,253,255,255,255,255,254,255,255,255,255,255,255,255,236,177,38,3,0,0,0,1,6,5,8,90,221,249,255,255,255,253,251,255,255,252,252,254,255,253,255,252,244,169,41,2,0,0,5,3,1,0,12,86,224,255,255,253,254,253,255,255,250,250,253,252,254,251,249,253,238,162,30,4,3,0,4,0,0,0,18,103,233,251,251,251,249,255,250,255,253,255,249,249,255,250,255,251,246,159,30,1,2,4,0,4,0,3,9,104,233,255,251,255,251,250,255,252,255,253,250,255,255,255,252,255,243,153,29,1,0,2,0,5,3,5,9,109,227,252,255,251,250,255,255,255,249,255,255,255,255,251,255,254,229,139,15,3,0,1,0,3,1,0,16,97,225,244,254,255,253,251,255,255,255,255,251,255,251,255,250,235,164,66,6,0,0,0,0,0,0,0,14,61,144,191,232,239,244,238,248,241,251,251,243,255,247,235,210,160,69,17,0,0,0,2,1,0,0,1,6,3,32,77,150,162,160,167,177,177,183,189,199,212,202,150,97,49,6,0,2,0,0,0,3,0,5,1,3,0,1,14,20,32,33,33,45,51,47,62,66,75,72,46,14,1,0,3,0,0,0,4,2,1,0,0
5,0,0,0,0,3,0,3,0,3,0,0,0,0,0,5,0,3,4,0,0,0,2,0,1,0,0,0,0,3,6,0,5,6,0,3,0,0,4,0,4,0,0,3,1,5,2,2,0,0,0,0,0,0,1,0,0,0,0,0,2,0,0,2,0,0,1,14,37,27,14,11,10,0,0,5,0,2,2,5,0,5,0,0,0,0,0,0,0,0,0,2,3,0,20,84,138,144,129,103,84,41,22,10,9,8,0,6,2,4,6,0,0,3,1,6,3,0,0,0,3,17,77,200,227,237,243,236,207,177,148,126,101,70,42,22,14,9,2,0,0,0,5,0,0,0,3,0,0,14,113,237,255,253,250,255,249,238,237,240,228,205,166,144,117,72,15,0,0,4,2,6,5,4,5,0,5,11,129,244,250,255,254,255,255,251,249,253,251,252,246,245,223,143,21,0,1,0,6,3,1,0,1,0,0,33,159,246,252,254,249,254,255,250,255,249,249,250,255,252,246,135,16,2,0,0,6,1,2,0,0,5,43,124,209,243,248,255,255,252,255,255,255,255,255,255,255,255,231,104,20,0,0,0,5,6,0,2,0,8,84,219,255,249,255,250,253,250,255,255,251,254,253,255,251,251,211,77,11,0,2,0,6,0,0,5,2,11,121,234,250,249,251,255,255,253,255,253,253,255,255,251,255,245,178,48,5,2,0,0,0,6,3,4,0,17,139,238,255,249,255,250,255,255,250,249,255,255,255,253,249,236,155,21,6,0,6,5,1,2,0,0,5,40,169,240,255,255,252,255,254,250,255,250,250,254,251,255,255,233,129,22,0,2,0,4,0,0,0,0,9,67,209,245,251,255,255,254,252,255,255,254,250,255,249,249,254,225,104,19,0,0,2,0,2,0,5,6,15,102,225,255,249,250,251,249,255,255,253,255,252,255,253,253,255,202,74,5,0,0,5,5,0,0,0,0,13,125,243,255,253,249,254,255,255,252,255,255,255,255,252,255,238,174,43,4,1,0,0,0,0,0,4,0,31,146,236,250,253,255,255,250,255,255,255,255,255,255,254,252,239,143,18,1,2,6,2,0,2,2,6,9,48,184,249,255,249,255,255,255,255,254,253,255,253,254,254,255,241,118,18,0,6,0,0,0,0,3,0,15,79,218,252,251,255,251,254,255,255,255,254,253,254,255,252,255,229,100,9,3,0,5,1,0,6,0,0,14,106,233,255,253,250,249,249,255,249,254,249,250,252,249,254,246,197,61,5,1,0,0,2,2,5,2,0,8,113,234,254,255,250,255,255,252,250,252,251,255,255,255,252,235,157,31,0,0,2,0,1,0,0,4,0,6,77,191,254,249,255,255,255,253,250,249,253,252,255,255,255,235,133,14,1,6,0,0,1,5,3,2,0,12,51,171,230,238,255,255,250,255,252,255,255,255,255,252,249,232,112,12,0,0,3,0,0,0,3,6,2,7,27,98,147,190,245,251,255,255,248,255,255,253,255,255,250,206,75,7,1,1,0,6,0,4,0,0,0,6,4,8,25,98,193,229,239,243,249,255,249,249,238,216,186,104,34,0,0,2,4,0,0,0,5,0,0,0,0,0,4,21,79,110,125,159,191,223,225,196,161,126,67,23,0,0,4,1,0,0,3,0,0,4,4,0,0,6,0,0,17,13,14,25,53,88,102,68,35,35,15,1,0,0,6,0,0,1,3,3,0,2,3,0,0,0,0,5,3,0,0,0,10,16,9,4,0,2,3,0,6,5,0,0,0,2,4
5,5,2,5,0,5,4,1,0,1,0,0,4,3,4,0,6,6,13,10,14,9,15,9,0,0,5,0,0,2,2,1,4,0,0,0,2,6,24,19,34,36,45,62,63,78,96,103,114,113,110,57,13,4,2,1,0,0,4,5,0,6,5,0,7,76,130,153,154,165,177,190,205,217,221,234,237,243,219,104,10,0,0,0,1,0,0,0,0,0,0,0,22,126,219,237,236,236,238,243,244,254,255,255,249,255,237,116,12,5,5,0,0,0,0,0,3,3,0,6,14,132,244,252,255,251,255,255,250,255,255,249,255,255,239,124,21,0,0,0,0,0,0,2,0,0,0,0,19,121,243,255,250,255,251,254,255,255,255,255,255,250,244,135,19,2,0,1,0,0,0,2,1,0,6,0,11,118,241,255,252,255,255,255,255,255,252,255,255,255,234,153,30,0,0,2,0,0,0,0,0,2,0,0,19,103,230,255,250,255,252,255,251,249,255,251,255,255,251,199,96,15,0,0,0,5,0,0,0,5,5,0,11,94,233,255,255,255,255,255,255,255,255,255,254,250,255,239,146,31,3,4,2,0,0,0,0,0,0,6,16,95,224,255,251,255,255,249,255,249,251,252,253,255,250,245,167,37,0,3,1,3,0,0,2,0,1,0,15,77,208,247,254,255,255,255,255,255,252,255,255,255,255,244,181,40,6,0,6,3,0,0,3,4,4,0,15,73,212,246,252,253,253,255,255,254,253,255,255,254,255,243,193,55,1,4,0,0,0,3,0,3,6,1,36,128,216,255,255,255,255,252,255,252,255,250,255,251,254,245,199,68,6,2,6,0,0,5,0,0,2,0,42,176,245,253,255,255,250,255,250,255,255,249,251,253,251,253,212,77,9,2,0,6,0,0,4,3,0,4,29,173,239,255,255,248,252,249,255,255,253,255,255,253,255,255,220,95,16,0,0,4,3,2,2,0,0,2,26,159,237,255,249,250,250,255,255,255,251,255,252,255,255,255,234,102,16,3,2,0,0,4,0,0,1,0,26,147,234,250,255,254,252,249,253,255,252,255,250,252,251,255,237,105,11,5,5,0,0,0,0,0,5,0,22,141,236,255,255,255,253,255,249,255,250,255,249,252,255,255,231,123,13,0,0,0,0,0,0,4,0,0,12,130,243,250,255,255,255,254,253,255,253,255,254,252,250,255,241,122,21,2,4,4,0,3,6,0,0,3,16,124,238,255,253,251,249,254,255,255,252,255,252,249,252,251,234,128,20,0,5,3,0,4,6,0,0,0,12,121,245,255,255,252,255,254,255,255,255,254,249,250,255,240,177,70,1,2,0,0,1,1,0,2,0,2,9,105,221,252,255,255,254,253,249,248,239,245,235,238,195,135,71,13,2,0,6,0,0,6,6,0,1,4,7,49,109,154,219,230,215,212,188,178,169,159,158,134,96,30,4,2,5,0,2,4,4,1,0,0,1,1,0,11,25,44,85,85,86,64,59,46,42,29,27,24,16,0,4,5,0,0,6,5,0,0,4,0,6,2,2,1,6,4,18,9,8,12,3,0,2,0,2,3,0,0,0,3,0,4,0,2,3,0,6,5,1,0,5,0,4,0,0,4,5,3,6,0,0,0,0,0,0,0,0,0,4,1,1,0,5,3,3,0,0,0,2,0,0,0,4,0,0,0,0,0,1,1,0,2,0,6,3,5,1,0,0,0,0,6,4,5,0,6,6,0,0,0,3,0,4,4,0,0,3,0,3,4,0,5,0,3,5,0,5
5,0,0,0,1,5,0,0,0,4,0,0,0,4,2,1,5,0,0,0,4,0,1,6,0,6,0,0,5,0,0,4,0,3,0,6,3,5,0,0,0,0,1,0,0,5,6,0,4,4,4,1,0,5,0,0,0,2,6,0,5,0,0,0,2,4,0,2,4,5,5,0,5,8,15,8,14,14,20,7,11,4,0,4,5,4,6,0,4,1,0,0,5,5,10,23,29,27,32,45,56,73,76,89,97,110,113,104,53,13,0,1,0,1,0,2,0,3,0,0,0,14,89,138,157,165,174,179,190,209,215,218,229,235,238,218,102,15,0,1,0,0,0,1,0,0,0,6,1,20,136,228,246,238,243,245,251,246,247,253,255,255,255,240,116,19,0,4,0,2,5,4,0,6,0,0,4,16,136,235,250,252,254,254,253,255,255,251,251,255,253,235,119,21,0,0,0,0,0,0,0,2,0,3,3,17,136,244,255,253,255,252,255,251,252,250,251,253,250,238,132,20,4,0,4,0,0,0,0,6,0,0,0,17,126,244,255,255,250,252,255,253,255,255,255,251,255,236,131,20,3,0,1,5,0,0,5,1,0,6,5,60,182,244,255,255,251,255,255,255,249,250,251,250,249,244,146,16,0,0,6,3,5,0,0,6,0,0,20,105,225,253,255,255,252,255,254,252,252,255,250,255,255,238,158,29,5,0,0,1,3,4,0,0,2,5,18,95,234,249,255,253,249,255,251,251,249,255,249,252,255,243,203,98,13,0,1,0,5,0,4,1,0,6,16,89,220,250,255,249,253,249,255,255,249,251,253,253,255,248,233,156,32,0,5,0,5,0,4,0,1,0,16,74,209,250,250,253,249,255,255,255,252,255,249,255,255,255,239,177,51,0,0,0,4,2,0,6,0,5,13,63,204,245,255,249,255,251,254,255,252,255,255,251,255,248,244,199,51,5,0,2,5,4,0,6,0,0,0,56,189,241,255,255,252,255,255,255,255,254,251,255,255,253,255,205,65,8,0,0,6,0,0,0,0,0,2,44,182,237,255,249,255,249,254,255,255,255,250,255,255,255,255,211,74,17,0,0,0,6,0,0,0,1,5,35,174,238,253,255,255,252,255,249,250,255,250,255,255,255,250,219,89,18,2,5,2,3,3,2,2,1,6,32,165,243,251,255,250,255,249,255,255,250,255,255,250,250,251,228,100,19,3,6,3,0,0,0,0,2,1,26,153,238,251,255,250,255,254,255,250,255,254,254,253,255,255,230,112,9,1,2,1,2,0,0,0,5,0,15,143,236,255,255,255,255,253,255,255,253,255,255,253,255,253,228,106,12,2,0,0,0,4,0,0,0,0,14,133,238,252,254,255,255,250,255,250,255,255,255,254,255,246,172,61,8,6,0,0,6,0,5,0,0,0,17,120,233,255,255,255,255,249,250,251,250,254,251,252,255,229,133,18,6,0,0,0,0,0,1,4,4,0,13,117,237,253,250,255,247,247,241,248,242,245,234,242,236,183,71,1,0,0,2,5,1,0,3,3,6,0,9,105,217,238,230,220,219,201,196,175,165,155,152,139,127,76,22,0,5,2,0,4,0,0,0,0,4,0,6,53,109,111,98,90,77,69,55,48,30,29,30,18,17,4,3,0,3,4,1,5,0,4,0,4,1,0,3,6,12,9,19,16,6,5,11,0,2,0,0,0,0,0,0,0,0,0,0,4,0,5,0,0,0,2,2,0,0,0,0,1,4,0,5,1,1,0,0,4,0,0,1,0,0,4
5,6,1,0,6,4,5,5,0,0,3,0,4,1,0,2,3,6,0,1,6,4,0,0,4,0,4,6,4,1,2,0,0,3,0,0,5,5,2,0,2,0,0,3,0,0,0,1,0,3,0,0,0,3,6,3,1,0,6,0,4,0,1,2,0,0,6,4,5,12,9,6,19,10,15,4,0,5,5,2,0,2,3,0,0,2,3,0,3,0,0,0,10,26,28,45,45,52,67,71,86,90,98,49,6,1,5,0,6,2,0,0,0,0,3,3,0,0,0,5,79,145,168,175,184,198,201,216,219,223,218,110,18,5,5,0,0,0,0,0,6,0,0,0,0,2,0,28,133,227,238,240,250,250,245,246,251,255,241,124,21,6,0,3,0,0,5,0,0,6,0,5,0,0,6,83,189,248,254,255,255,252,255,255,250,253,241,126,19,0,6,0,0,0,0,5,0,6,0,0,5,4,21,122,236,252,254,249,252,255,255,255,253,249,243,134,23,0,0,0,1,0,0,6,0,0,2,6,0,10,66,182,247,252,255,249,255,250,249,255,255,255,235,147,21,0,0,0,0,1,0,0,0,0,0,0,2,20,101,223,255,255,251,250,255,255,255,251,253,249,245,147,26,0,3,5,0,0,5,0,3,1,6,0,5,17,104,231,252,255,255,255,252,250,254,250,249,252,235,155,27,6,0,0,5,2,0,1,3,0,0,0,0,17,88,224,255,250,252,255,254,254,251,255,252,250,235,169,31,0,0,0,0,0,5,1,0,0,0,0,2,16,82,221,255,252,251,255,251,255,255,252,252,255,236,173,34,4,4,0,0,1,6,0,4,4,6,0,6,9,79,215,246,255,255,249,255,249,255,255,249,248,248,185,41,9,0,4,6,3,6,0,3,0,0,0,0,4,64,196,248,254,253,255,252,255,255,255,255,248,250,187,53,2,4,0,0,0,0,3,2,6,0,2,4,10,55,189,246,253,255,255,253,254,253,255,255,255,243,207,62,12,2,2,0,6,0,0,0,0,0,0,5,0,50,185,240,254,255,255,255,255,251,249,255,253,252,217,75,11,1,4,0,0,0,2,0,1,0,0,0,0,43,176,245,255,255,253,251,249,255,253,255,251,248,222,88,10,0,0,6,0,0,0,1,2,0,5,0,0,32,167,237,250,250,255,255,255,249,254,255,255,253,218,85,13,5,4,0,0,1,0,6,0,2,0,2,5,28,158,242,255,255,251,255,255,252,252,255,250,250,173,63,8,6,0,2,0,0,0,0,0,0,3,0,0,25,151,236,253,255,255,253,254,255,255,251,255,227,112,16,0,0,0,2,0,0,1,3,0,5,5,0,0,27,149,242,251,254,251,252,247,251,250,242,242,185,68,0,5,0,6,0,0,2,0,0,1,0,6,0,0,20,124,222,232,221,219,211,206,193,178,181,162,85,15,4,0,0,0,1,0,0,0,0,0,0,0,3,2,9,61,94,104,96,79,78,72,59,44,41,36,8,0,6,4,0,0,0,2,0,6,0,0,0,4,2,0,1,13,12,10,20,17,12,6,3,8,0,2,1,3,5,0,0,1,1,0,0,0,0,1,3,2,0,4,4,0,0,0,0,0,0,3,0,0,0,0,1,0,0,0,0,0,0,6,0,0,3,4,0,4,0,1,3,0,1,3,2,0,0,1,0,0,0,3,0,0,0,0,5,0,3,0,1,0,6,0,6,0,4,5,1,0,0,0,1,0,5,0,0,0,1,0,0,0,5,0,0,4,0,2,0,6,2
5,0,0,6,0,0,0,4,0,6,4,0,1,0,3,0,0,0,0,4,1,5,6,4,0,0,0,0,0,5,4,0,1,0,0,0,0,5,2,0,4,0,2,0,0,5,0,4,4,0,0,0,0,0,6,5,0,6,0,3,0,2,6,0,3,0,4,1,0,0,0,0,1,6,0,1,2,0,0,5,0,0,0,0,0,6,0,0,0,0,0,5,2,6,1,0,0,6,0,6,0,0,4,6,0,3,0,0,2,0,0,0,0,1,4,1,2,4,0,2,3,6,5,0,0,1,0,0,5,6,0,6,2,8,1,2,0,2,0,0,0,3,4,0,4,0,4,0,0,0,0,0,0,0,0,4,14,11,19,26,51,66,28,3,0,5,0,0,3,6,2,0,1,3,5,2,0,3,3,11,14,16,26,37,71,110,134,154,176,185,73,9,0,6,1,0,6,0,6,1,0,0,0,6,2,0,28,60,103,123,142,169,206,231,236,242,249,238,117,13,6,4,1,6,0,0,0,4,0,0,0,3,0,7,100,196,226,232,244,237,253,251,250,255,255,245,134,22,1,0,0,0,2,0,0,6,0,5,0,0,3,26,132,232,252,250,251,255,254,253,255,255,251,241,159,34,5,0,0,3,0,2,3,5,2,1,0,0,9,63,182,253,255,255,253,255,255,250,249,255,255,247,185,53,3,6,6,0,5,2,6,6,1,2,1,0,7,70,201,243,255,255,249,252,255,255,255,252,254,250,174,52,6,0,6,0,2,0,5,0,0,0,0,5,5,39,175,244,250,252,252,250,255,251,251,255,255,246,141,30,0,2,5,5,1,6,0,3,0,0,1,0,0,26,149,242,251,255,255,255,255,254,253,255,253,241,174,73,5,4,2,0,6,0,2,1,0,0,0,0,2,12,119,232,251,255,255,255,249,255,253,249,255,253,229,153,40,5,6,5,0,0,0,0,4,2,0,5,1,10,96,227,255,250,251,255,255,255,255,255,253,250,254,199,72,12,2,0,5,0,0,1,0,0,0,1,4,13,62,193,247,255,255,255,255,247,255,255,250,254,255,225,98,9,4,0,5,3,0,0,0,0,1,1,5,0,34,160,236,255,250,253,231,224,246,255,249,251,251,234,121,12,4,0,2,0,2,0,1,0,2,6,0,0,34,152,243,254,255,242,176,166,232,252,255,252,255,238,149,20,0,4,2,4,0,0,3,0,0,5,0,2,66,190,255,255,252,235,181,165,230,255,254,254,255,242,170,48,1,0,2,0,0,2,0,0,3,3,0,7,89,211,255,253,255,247,237,229,254,254,255,252,255,254,209,84,11,0,2,5,0,5,0,6,0,0,6,12,64,187,240,255,255,255,252,252,255,255,252,255,255,249,220,94,10,2,0,0,0,0,6,3,0,5,5,0,25,156,236,255,250,255,254,252,251,255,255,251,254,245,185,68,2,0,0,0,0,3,0,0,0,2,0,5,23,130,245,255,255,252,255,250,255,250,251,255,244,205,105,23,0,6,2,5,1,2,3,0,1,3,0,0,11,116,226,250,251,255,255,255,255,255,247,227,201,127,35,5,0,5,0,1,0,0,0,0,0,4,6,0,7,72,195,236,240,253,249,253,245,232,211,133,82,31,6,4,0,4,0,0,0,1,3,0,0,0,1,0,0,29,89,148,164,208,228,219,186,153,119,50,13,4,0,0,0,6,6,3,3,5,0,4,0,2,1,5,0,4,10,33,31,87,108,80,52,27,18,9,4,4,0,0,0,0,6
6,0,2,6,6,1,6,0,0,0,6,0,3,2,0,0,0,4,4,4,1,0,4,0,1,0,0,0,0,0,6,0,6,0,0,5,0,6,9,8,12,5,11,8,10,3,8,6,6,5,5,0,2,0,0,0,6,2,5,1,0,6,7,5,20,56,69,63,64,65,56,49,56,44,39,37,36,15,2,1,0,1,3,0,0,0,0,5,0,6,9,44,83,165,200,198,197,200,197,197,193,187,187,185,157,67,8,6,3,0,4,0,4,0,0,4,0,0,37,150,208,241,248,255,254,248,244,242,247,238,240,243,212,77,13,0,0,0,0,0,5,0,0,5,0,6,73,187,245,248,255,255,255,254,255,253,252,255,252,255,220,85,8,4,4,4,0,0,0,0,0,0,0,32,150,225,255,251,255,249,253,253,255,255,253,251,255,254,213,88,14,0,6,0,0,3,6,4,0,0,0,44,180,240,253,250,253,255,255,255,255,250,255,255,255,247,210,80,15,6,5,1,5,6,5,0,4,0,0,45,179,249,255,251,252,255,255,253,255,255,255,255,255,255,208,71,7,0,4,0,6,0,4,3,6,0,0,45,179,238,250,252,254,251,255,255,255,254,250,255,255,247,211,92,17,1,1,0,0,0,1,0,5,0,0,54,182,248,252,255,255,255,251,250,255,255,255,255,255,255,234,161,50,2,0,0,4,5,0,0,5,0,5,51,184,247,249,255,255,249,255,255,255,252,255,253,252,255,249,192,60,12,2,0,5,0,3,0,0,2,1,58,189,250,255,255,255,255,253,250,255,249,255,249,255,250,244,199,68,3,1,0,0,0,0,0,0,6,8,58,191,248,253,255,252,250,255,249,255,255,254,255,255,255,248,201,61,9,0,0,5,5,0,1,5,0,8,57,202,243,254,253,255,253,255,253,254,255,255,255,250,255,249,191,53,0,4,0,1,1,4,2,5,5,11,69,206,251,254,255,255,251,255,255,255,251,255,255,255,248,248,192,58,8,4,3,0,3,0,0,1,0,10,66,200,247,249,255,251,250,255,255,255,251,255,253,255,254,243,190,47,0,0,1,4,0,0,2,5,5,14,67,201,255,252,255,249,253,252,255,250,255,255,255,255,248,245,187,50,6,3,5,0,0,0,0,0,0,10,68,210,253,254,251,251,255,252,255,249,254,255,254,254,255,240,183,42,8,0,0,0,0,5,1,2,1,7,71,212,248,255,255,255,254,253,255,255,249,255,248,252,255,237,178,36,0,0,6,0,4,0,5,0,4,12,75,207,254,253,255,255,255,251,255,255,255,255,255,255,250,225,159,36,0,6,4,0,0,1,0,0,3,10,52,168,239,255,250,252,255,255,250,255,255,254,255,249,248,196,84,16,5,1,0,0,5,3,0,4,6,6,19,80,183,234,239,239,251,240,242,253,245,252,243,235,207,141,40,7,4,1,5,6,2,1,5,0,0,0,0,14,84,160,180,186,183,194,199,203,204,203,200,167,96,52,10,0,0,0,0,4,0,2,0,0,0,0,6,0,8,34,47,43,48,48,62,57,68,66,70,45,21,13,0,5,4,0,0,0,2,0,4,0,0,0,0,0,2,0,5,1,1,9,10,6,6,3,5,2,0,0,2,1,0,5,5,0,0,0,0,4,0,5,6,0,5,0,2,6,0,1,0,0,2,6,0,4,3,6,3,1,0,5,0,0,0,3,0,0,5,0,5,0,1,6,4,0,0,0,5,2,5,0,1,0,6,5,1,3,3,0,4,0,0,0
6,4,0,1,0,0,0,0,6,0,4,6,2,0,3,3,2,0,0,0,0,0,3,1,0,3,5,0,0,1,6,0,6,0,0,2,6,2,5,0,0,5,0,5,2,1,5,2,0,0,0,0,0,5,0,5,0,1,0,5,6,6,0,0,6,0,0,0,3,0,0,12,7,0,5,3,0,5,0,0,5,0,3,5,0,0,0,5,0,0,3,0,1,0,0,0,0,1,21,50,58,49,35,20,15,20,9,4,0,0,1,6,0,0,0,0,0,0,0,0,2,6,2,0,24,66,102,158,188,177,166,144,137,128,97,49,14,0,2,0,0,1,6,0,0,2,2,4,0,2,4,23,96,186,218,238,241,248,238,236,234,240,217,149,71,16,3,0,0,0,0,0,5,0,0,4,6,14,43,125,210,246,251,255,255,248,255,255,253,255,255,235,186,56,14,0,3,0,2,0,0,0,1,0,7,45,150,228,255,249,255,255,251,250,250,255,249,255,255,245,201,62,6,3,1,3,0,0,0,0,0,1,9,81,215,249,255,255,248,255,251,251,255,255,251,254,253,238,184,47,0,1,0,0,0,0,0,1,0,1,14,105,238,255,255,255,255,255,255,255,252,249,255,255,254,236,165,33,3,3,0,0,0,0,2,0,0,7,26,127,240,252,253,253,249,251,255,250,250,255,255,254,255,234,144,17,5,0,6,1,1,0,0,0,1,15,97,193,247,254,255,255,255,249,255,253,253,255,254,255,249,236,129,24,0,0,3,0,2,0,0,0,5,22,138,238,254,255,248,255,253,255,255,255,254,255,249,249,255,236,122,18,6,5,4,0,0,5,1,4,0,28,162,240,250,251,252,255,251,252,254,255,254,254,250,249,255,234,112,17,0,5,0,0,2,0,0,1,0,41,181,237,252,252,253,253,254,251,255,255,255,255,255,252,254,233,94,10,0,0,0,2,0,0,0,0,13,61,190,244,255,255,249,255,249,255,249,255,255,252,254,250,250,223,115,23,2,6,3,1,0,0,0,1,7,81,206,249,255,255,255,255,255,255,250,255,250,254,255,250,255,245,172,43,10,0,0,6,4,1,0,0,20,92,225,253,255,250,255,255,255,249,255,254,255,253,250,255,252,240,179,38,0,0,0,0,0,0,0,3,17,110,231,255,255,255,255,255,253,255,255,255,255,255,253,255,255,237,157,32,4,0,0,2,0,0,0,0,6,97,216,255,254,255,255,255,249,255,253,255,250,255,255,249,255,242,146,27,2,0,3,6,6,4,0,2,0,51,164,248,250,255,253,255,252,255,249,252,255,255,255,255,251,233,129,12,0,6,2,0,2,0,5,4,2,26,158,242,253,254,255,255,255,255,253,249,250,249,248,255,255,238,125,20,0,0,3,4,0,4,0,0,6,28,160,238,255,255,248,254,255,255,255,255,255,250,254,252,255,219,103,11,0,0,0,2,0,5,1,5,1,41,159,240,255,255,249,255,255,251,255,251,253,250,255,252,238,188,68,12,3,0,6,0,0,6,0,0,0,15,102,207,249,255,250,249,255,249,255,255,249,250,255,248,207,91,29,0,0,4,0,1,0,5,0,4,0,4,43,136,219,241,233,242,238,245,255,255,255,255,251,216,131,41,2,5,0,0,4,6,5,0,5,3,0,4,4,51,107,132,149,165,178,200,210,223,238,238,201,115,33,8,0,3,4,2,3,0,0,0,2,0,1,6,0,0,17,12,16,30,37,63,80,92,111,121,95,28,0,0,1,0,0,0,2
6,6,0,2,0,1,2,0,3,0,0,2,0,4,6,0,0,3,0,0,0,0,3,1,0,0,6,0,0,6,0,5,0,5,1,0,0,0,0,0,4,0,3,0,2,0,0,0,0,0,2,1,0,0,0,0,0,5,2,0,5,0,0,0,2,3,5,0,4,0,0,0,1,2,4,0,0,0,0,0,0,1,0,1,5,1,4,6,1,2,4,2,0,1,3,0,0,0,5,0,0,14,8,7,16,21,14,1,0,0,4,0,0,5,3,2,0,5,6,3,0,0,6,4,0,0,22,42,54,65,84,84,92,106,103,54,13,4,0,0,0,0,6,0,1,5,0,6,0,0,3,3,14,37,112,169,190,209,208,217,231,238,217,114,13,0,0,2,0,0,1,4,6,6,2,0,0,6,0,15,80,163,208,244,244,252,252,255,255,253,236,131,13,0,3,0,3,1,0,6,4,0,6,3,0,6,10,72,178,231,252,255,251,252,255,255,255,255,241,133,17,0,0,0,0,0,1,0,2,2,0,4,4,4,27,118,235,249,253,255,255,255,253,254,249,254,237,145,22,0,1,1,3,0,0,6,0,0,0,0,5,7,68,170,251,249,249,255,255,252,255,252,249,255,243,152,29,4,0,2,1,2,0,0,6,1,0,3,0,17,102,226,255,255,255,255,255,252,255,255,253,254,242,167,43,4,0,4,0,4,5,0,0,5,0,2,9,48,153,238,254,254,253,254,250,255,254,255,255,255,243,200,99,16,1,0,0,4,2,0,6,0,1,0,10,79,202,250,249,255,255,255,255,250,252,255,255,254,255,234,172,43,8,5,4,0,0,4,3,0,0,0,14,73,210,248,253,255,255,255,251,255,255,254,255,255,253,243,192,57,6,0,0,0,5,0,0,0,1,0,7,51,196,251,255,255,249,249,255,252,249,253,255,255,255,248,201,68,8,2,2,0,2,2,0,6,0,5,5,48,177,243,252,252,255,255,255,250,255,255,251,250,255,254,208,75,17,0,5,0,0,0,6,0,0,0,0,31,177,243,255,255,255,255,255,255,255,250,254,250,250,249,218,85,18,0,0,0,0,0,0,0,1,5,2,33,161,239,255,251,255,253,255,249,255,255,250,254,255,252,225,93,12,0,0,0,0,0,2,0,0,0,0,30,153,235,249,255,255,249,255,255,255,255,255,255,251,255,233,102,12,0,0,0,0,0,0,0,0,2,0,17,144,241,253,255,255,255,249,253,255,255,252,255,252,254,229,116,17,0,0,0,6,0,0,3,1,5,4,15,134,244,255,249,253,249,255,255,250,255,252,254,255,255,240,114,20,4,0,3,2,2,0,0,0,2,0,18,124,233,255,255,250,255,253,255,252,255,250,254,253,254,231,119,18,0,0,0,1,5,0,0,0,3,0,11,65,180,244,254,255,255,255,254,255,252,251,253,255,241,178,69,10,0,1,1,0,0,3,4,0,1,0,3,19,123,221,255,252,253,246,252,247,239,242,236,235,185,90,12,4,0,5,0,1,0,0,0,0,0,2,6,4,61,153,217,223,220,206,187,184,174,159,150,144,85,15,0,0,4,1,0,2,6,0,3,5,2,0,0,2,16,49,86,86,78,67,53,44,40,35,30,20,13,4,4,1,0,2,2,5,1,0,5,0,0,0,1,4,3,0,10,19,14,10,11,3,5,0,0,0,5,2,0,1,2,5,0,0,0,1,5,5,0,0,0,0,0,6,2,2,0,0,0,1,6,1,2,5,1,0,0,2,4,0
6,6,0,6,0,0,4,1,0,1,4,6,2,0,0,4,0,0,0,0,0,0,1,4,3,6,0,0,0,6,0,0,0,0,0,0,1,0,3,0,0,4,4,4,0,0,5,0,2,0,1,0,4,1,1,6,0,4,1,2,0,5,3,1,0,0,4,6,0,0,0,0,1,0,6,1,0,3,6,1,5,3,3,5,1,6,1,1,0,0,0,0,5,3,4,3,3,5,12,14,16,12,4,0,0,0,0,0,0,0,3,5,0,4,1,0,0,0,4,1,5,0,6,19,43,58,66,68,67,70,53,11,1,0,1,0,1,0,3,0,3,0,0,0,0,0,5,0,0,16,41,104,175,197,193,207,202,202,140,24,4,0,4,0,0,2,5,0,0,6,0,2,0,4,0,7,22,82,161,209,243,244,251,245,252,241,168,38,0,5,0,0,0,0,0,0,0,3,0,4,0,0,7,12,78,177,230,254,248,249,255,254,255,241,163,34,5,6,0,0,4,0,6,4,2,4,5,0,0,2,20,78,170,230,248,253,255,254,252,249,246,237,160,29,1,4,4,1,0,0,4,4,0,0,0,3,0,2,54,169,238,255,252,255,255,255,255,255,241,189,129,26,0,0,0,0,0,0,2,0,0,1,0,0,1,24,92,204,255,255,255,254,255,255,249,246,211,125,51,12,0,3,1,0,0,6,4,0,0,4,0,0,2,52,164,229,249,255,255,252,255,250,254,252,233,175,82,26,4,6,0,5,3,5,0,2,2,2,0,3,5,58,200,241,250,253,255,255,255,255,255,248,255,238,186,85,26,2,5,0,0,0,5,0,3,0,0,5,4,66,201,242,253,250,255,255,255,255,255,255,255,255,238,170,62,10,6,4,1,2,4,0,3,0,1,1,8,60,195,249,250,255,255,255,249,252,253,253,255,255,252,208,108,27,2,5,0,4,0,5,3,0,0,0,0,50,195,246,252,254,255,249,255,251,255,248,255,250,251,242,185,59,13,0,4,0,4,4,2,1,6,0,0,43,184,245,255,255,255,255,255,246,255,255,255,248,255,255,205,76,6,0,6,0,0,3,0,0,0,3,0,49,184,240,248,251,255,254,242,233,242,248,255,255,249,250,217,78,11,3,3,4,0,6,0,0,0,2,0,43,172,240,248,252,255,254,235,181,224,251,255,255,255,247,213,76,16,1,4,0,1,0,0,0,5,0,0,34,173,236,254,250,251,255,246,227,237,250,255,255,251,255,219,82,18,0,0,0,4,5,2,2,3,2,6,30,163,248,255,250,255,255,253,250,246,250,255,252,253,255,210,83,11,5,0,4,0,4,0,1,0,6,0,29,163,244,255,255,248,255,255,254,249,253,255,255,255,244,171,69,8,0,3,0,0,0,1,0,6,0,0,21,140,235,255,255,255,252,249,255,255,253,255,255,252,222,112,22,3,2,0,2,0,2,3,0,4,2,0,10,72,172,236,248,255,255,252,250,255,255,255,247,235,175,69,11,0,5,0,0,4,0,0,0,0,0,4,0,16,71,163,230,254,245,250,252,250,249,234,209,164,82,17,5,0,4,1,0,1,0,4,3,0,0,0,3,1,15,66,155,207,202,203,197,191,195,177,105,45,11,0,0,5,0,3,0,0,0,1,1,0,1,2,0,0,0,11,56,72,67,62,59,54,47,40,20,7,0,6,0,6,5,6,0,0,4,1,0,6,4,0,0,0,0,0,6,16,9,12,3,13,5,1,2,0,4,0,6,0,4,2,0,1,0,0
6,3,1,0,3,0,0,7,12,7,18,43,67,68,56,46,46,31,31,16,1,3,0,0,0,0,0,0,3,0,1,3,0,0,15,54,91,92,98,149,196,207,194,179,180,167,151,92,24,2,0,2,3,0,0,4,0,3,0,6,0,7,69,168,221,229,224,234,247,255,246,249,243,237,231,203,143,71,5,2,5,0,2,0,0,1,4,5,8,74,166,238,255,250,252,251,253,255,255,255,251,251,249,245,219,117,9,0,6,5,3,0,6,0,0,5,79,182,234,255,253,255,255,255,255,254,253,253,253,252,255,251,236,117,21,0,2,2,2,6,1,0,3,16,128,234,255,249,252,255,255,253,254,253,255,250,254,248,255,252,240,120,10,0,0,6,0,1,2,6,6,27,151,239,254,254,255,250,250,252,252,249,255,249,255,255,250,250,230,112,20,4,3,5,0,4,2,5,17,89,203,243,255,255,255,255,255,250,255,255,253,253,251,255,255,251,227,101,9,4,0,3,0,3,5,6,27,156,239,254,252,255,251,253,252,255,255,252,255,254,249,255,255,250,230,110,14,3,0,0,0,0,0,0,37,166,247,255,252,249,249,254,255,255,249,255,250,253,255,255,249,253,240,161,58,7,2,0,2,0,0,6,36,173,246,255,255,253,251,255,255,253,253,255,255,255,253,254,255,255,255,212,79,13,0,0,0,1,6,1,43,189,246,255,255,255,255,249,255,252,255,255,249,254,255,252,251,255,249,211,74,15,0,0,4,1,4,1,56,197,244,250,250,249,251,255,255,254,251,255,255,255,255,252,254,251,252,198,59,14,0,0,4,0,0,15,69,208,248,255,251,255,255,255,253,250,255,255,253,251,251,251,250,255,241,193,54,3,0,0,3,0,0,7,77,206,251,249,250,251,255,254,255,255,255,255,255,252,255,255,255,248,249,180,47,3,2,0,0,2,0,11,82,215,255,255,255,255,255,252,255,254,255,251,254,252,252,255,255,252,236,174,46,3,0,0,0,0,2,11,88,208,255,255,254,254,255,255,250,250,255,254,249,249,255,252,255,254,242,170,35,0,3,6,6,4,0,4,49,167,248,254,255,252,255,250,251,252,252,252,250,253,255,250,255,253,234,156,32,5,6,0,0,0,0,6,25,107,230,255,255,251,252,255,252,255,252,249,255,250,249,255,255,255,245,150,21,0,3,0,3,6,0,2,9,99,228,250,253,255,255,254,250,249,255,253,255,253,255,255,255,255,243,156,26,0,1,0,0,0,0,1,6,59,171,236,255,253,255,255,255,253,255,255,253,249,250,255,250,253,226,132,13,2,5,0,0,2,0,0,0,7,74,179,229,244,255,255,249,251,251,255,249,249,249,251,255,239,174,71,5,3,6,0,4,4,0,3,2,2,16,76,135,196,231,236,237,238,244,250,247,245,238,225,220,164,69,7,2,5,1,0,0,0,3,0,5,5,6,3,25,82,145,169,171,181,181,200,205,197,144,99,91,50,15,0,2,0,0,0,0,0,0,4,0,6,6,0,5,6,27,24,31,41,45,60,63,68,41,16,15,5,3,0,2,0,5,0,4,4,0,0,0,3,3,0,0,5,6,3,5,5,2,7,11,4,10,3,3,0,2,0,0,0,0,0,0,0,5,0,0,0,3,0,2,0,0,5,0,1,3,0,5,3,0,3,0,0,0,0,0,0,0,0,5,2,5,0,0,6,0,0,0,0,4,5,0,0,1,0,5,3,0,5,6,0,0,0,0,0,0,0,0,0,0
6,0,6,0,0,0,0,0,3,6,11,36,87,137,134,109,98,67,39,24,23,17,17,16,0,0,0,2,4,0,6,2,0,2,0,0,0,5,54,120,187,236,242,233,226,204,183,150,135,121,97,71,24,0,5,0,6,0,5,1,0,0,0,0,4,70,158,214,251,255,255,254,255,255,242,245,232,235,222,191,95,18,0,3,0,0,0,4,5,6,0,0,29,137,225,253,253,255,250,255,255,249,255,252,249,255,255,228,121,16,2,0,0,0,0,0,0,6,6,4,44,177,237,249,255,254,253,250,255,250,255,255,255,250,255,229,102,16,0,0,0,5,1,0,0,0,5,7,73,199,253,254,255,255,249,255,254,255,255,249,255,255,248,215,81,15,0,3,6,1,4,0,0,1,0,14,89,229,255,252,255,254,255,253,249,255,252,255,254,254,240,187,51,7,0,0,0,3,0,5,0,4,5,16,113,234,255,251,249,255,255,249,255,251,251,255,255,255,240,177,54,8,0,0,0,6,0,0,5,3,0,14,131,237,255,255,254,251,253,255,250,251,249,255,250,255,250,222,99,15,0,0,2,5,3,0,1,1,0,20,155,235,250,253,254,251,255,253,253,254,255,255,255,252,253,238,121,10,0,4,0,4,5,4,4,5,0,36,176,242,255,255,255,255,255,250,252,254,252,252,255,255,251,235,104,19,6,5,4,0,6,6,0,4,15,69,201,251,255,250,255,252,252,250,249,255,251,255,255,255,251,216,92,11,0,0,0,0,4,0,0,0,20,95,229,255,252,255,254,255,249,254,255,255,255,249,253,255,242,193,63,7,0,3,4,6,5,3,0,4,12,106,233,255,255,252,255,250,255,255,255,255,254,255,253,255,241,169,35,5,5,3,2,0,5,0,4,1,20,126,243,254,253,250,255,255,255,250,255,255,255,255,255,250,243,143,17,4,0,3,1,0,0,4,5,2,16,143,233,255,255,251,249,255,253,253,252,254,251,250,255,255,235,126,19,0,0,0,6,1,3,3,4,4,14,99,197,246,254,249,251,255,252,255,250,253,253,255,255,250,233,111,14,0,0,0,3,0,5,0,1,0,11,40,141,224,246,251,255,249,255,255,255,255,255,255,255,251,221,90,10,4,0,1,0,0,0,5,4,0,0,4,65,172,238,252,251,251,255,255,255,254,254,255,254,226,160,59,6,6,5,1,0,2,0,3,1,0,3,2,20,91,193,223,234,232,234,239,253,255,255,255,235,176,65,7,0,0,3,0,1,0,0,0,0,0,0,4,6,23,64,95,109,134,145,179,200,222,233,192,140,100,22,2,1,0,0,5,1,3,1,0,0,0,0,0,0,6,3,15,16,23,24,46,72,97,111,74,33,12,0,0,0,4,0,0,0,0,0,0,1,5,0,0,5,1,0,0,0,0,0,4,8,10,13,0,0,3,1,3,0,0,4,0,0,0,0,4,6,0,0,6,0,0,0,5,5,0,0,2,0,2,0,0,1,0,2,0,5,0,5,3,2,0,6,6,3,6,4,3,2,5,0,5,0,2,4,0,2,0,3,3,6,5,5,0,5,6,0,3,6,0,6,0,0,0,2,0,3,0,0,0,0,0,2,0,5,0,0,0,6,3,0,2,4,0,0,0,0,3,0,1,3,3,0,0,2,4,0,0,1,5,2,0,5,1,6,4,0,4,0,0,0,0,0,0,6,0,0,1,0,0,0,0,4,1,0,1,0,1,0,3,6,0,6,1,0,5,0,4,5,0,1,4,0
6,2,0,6,0,6,1,6,6,6,2,0,4,1,6,5,0,6,0,0,4,0,0,3,1,0,0,4,2,0,0,0,4,0,0,4,2,3,11,13,1,3,4,7,11,10,8,0,6,0,0,2,0,6,0,0,0,0,0,0,3,4,0,0,16,43,62,56,62,60,58,56,52,56,47,12,0,1,0,3,4,3,0,6,0,5,0,5,6,0,0,16,77,168,188,194,192,192,195,200,197,198,158,82,18,7,5,0,1,6,5,0,0,0,0,1,0,5,17,79,169,234,244,253,246,247,252,250,246,243,228,179,83,17,0,5,0,0,0,5,5,0,0,4,5,8,43,163,225,254,251,255,255,252,252,250,255,255,249,231,159,42,1,0,0,6,5,2,5,5,0,5,0,14,89,199,253,254,250,248,249,254,255,253,249,253,250,250,198,61,6,1,4,5,4,4,0,0,2,0,4,39,161,234,255,255,252,255,252,255,255,251,253,255,255,244,201,67,5,6,2,1,2,0,0,3,0,4,6,60,193,241,255,250,255,249,255,255,255,255,249,255,255,249,193,65,1,6,0,1,1,0,4,0,0,3,7,60,200,252,255,250,251,250,255,255,255,249,254,255,255,242,201,57,7,0,1,0,6,5,3,2,0,0,4,59,189,245,251,255,253,255,255,251,255,250,255,252,252,245,204,62,9,0,0,0,0,0,0,0,2,0,4,57,193,253,250,255,250,252,255,255,255,249,251,252,251,250,207,88,17,0,0,6,0,0,3,0,3,0,10,57,200,253,255,255,253,251,255,255,254,251,253,253,254,253,239,157,41,1,3,1,6,2,0,4,5,2,4,58,202,250,250,255,252,255,255,249,255,252,255,255,255,254,245,188,53,7,0,1,0,3,1,0,5,5,12,59,191,251,255,254,249,255,254,253,250,249,249,255,255,254,251,190,58,1,5,0,4,0,4,0,0,0,5,65,200,250,250,255,255,253,249,255,252,255,250,255,253,254,253,192,53,1,4,0,3,0,6,3,2,0,9,60,191,248,253,255,250,255,255,249,250,254,249,252,250,249,242,197,56,1,5,6,4,0,0,0,5,4,13,59,204,243,255,255,255,255,252,255,253,253,255,249,253,254,241,186,53,11,0,0,0,6,0,0,0,1,3,56,194,247,255,249,255,249,255,255,250,253,249,250,253,254,240,166,47,2,0,0,6,2,5,3,0,0,12,47,168,240,255,255,255,249,251,251,255,255,253,255,255,253,202,90,18,5,4,1,6,6,0,0,1,0,0,13,95,199,250,255,250,255,255,252,255,251,255,255,254,245,189,60,10,0,4,2,5,5,6,3,6,5,0,11,56,165,229,246,244,242,244,248,252,245,245,242,244,232,163,50,7,4,0,0,5,0,0,6,2,0,0,0,12,82,161,187,193,191,197,193,197,193,196,203,190,159,74,13,3,0,4,0,5,0,0,6,5,0,0,0,9,19,41,49,62,53,64,59,61,63,65,65,54,44,12,0,0,0,6,0,2,5,0,2,6,0,0,4,0,5,6,8,3,2,7,8,5,10,8,7,2,3,2,4,0,0,0,0,1,0,2,0,0,5,3,0,0,5,4,5,2,0,4,5,0,0,5,0,0,0,0,0,0,0,0,4,1,0,0,0,5,0,6,6,6,6,0,0,0,6,1,0,0,4,3,0,3,5,1,4,1,5,5,6,0,5,2,0,0,5,1,0,0,5,0,0,6,6,0,0,4,3,2,0,5,0,6,4,0,0,6,0,0,4,0
6,0,0,4,5,0,1,0,0,0,6,4,0,2,3,0,0,0,4,5,0,0,1,0,0,4,2,0,3,2,0,0,5,0,0,0,0,4,0,6,1,0,0,0,0,0,5,4,0,0,0,5,4,2,0,0,1,0,0,0,0,0,6,0,4,0,0,5,2,6,17,16,16,33,29,9,0,4,0,0,2,0,1,2,2,0,1,0,0,0,1,0,0,18,12,32,45,82,100,124,139,157,138,32,0,0,0,0,0,0,1,4,5,0,4,0,0,3,5,4,43,98,129,152,187,217,233,233,243,241,197,74,6,2,2,2,0,0,4,0,0,2,0,3,0,0,10,54,110,203,230,239,243,252,255,252,255,255,225,98,12,0,0,6,0,6,5,6,0,1,0,1,0,5,31,141,224,252,253,253,255,255,255,255,249,249,233,117,18,0,0,0,0,0,0,0,0,0,0,0,2,18,110,211,254,255,255,255,255,250,255,251,253,255,241,140,17,0,0,0,0,0,4,0,0,0,1,0,11,69,185,250,255,255,255,255,255,249,255,255,255,251,240,159,31,5,0,5,3,0,0,0,0,4,2,5,14,90,216,255,250,255,251,249,250,255,254,252,253,254,243,189,65,12,0,2,4,0,0,0,1,0,1,6,14,77,205,249,255,255,250,249,251,250,254,255,255,255,255,224,129,47,9,0,0,5,0,6,0,6,3,0,0,47,185,240,248,255,254,255,255,255,255,254,255,255,255,249,222,98,15,0,2,0,1,0,0,0,0,0,0,30,154,240,255,255,255,249,255,254,255,255,253,250,255,250,233,132,14,3,5,5,1,0,0,0,0,5,0,19,138,236,249,255,249,255,255,255,252,255,252,255,255,254,239,142,20,5,2,3,6,2,0,5,0,4,0,19,117,239,255,255,249,255,250,255,255,255,255,255,251,255,235,170,43,0,2,0,1,4,0,6,0,6,0,12,95,228,252,255,255,252,255,255,255,249,255,255,254,255,246,197,70,8,0,0,0,0,0,3,0,5,1,9,63,193,245,250,253,254,255,253,254,250,251,254,255,255,255,228,92,11,0,5,0,0,0,0,2,0,0,0,41,162,238,255,255,255,251,255,250,252,255,255,250,255,255,240,121,15,0,6,0,2,2,0,3,3,3,0,24,150,241,255,251,252,255,255,249,255,255,251,255,255,251,238,142,18,0,0,2,3,0,2,2,3,0,6,20,129,232,255,255,250,253,255,255,255,255,253,255,255,253,232,148,31,4,2,0,0,0,0,0,1,0,0,15,107,229,255,254,251,255,255,255,255,252,249,254,255,255,215,117,23,5,0,0,0,1,6,0,1,6,0,9,75,214,252,253,253,255,255,255,255,255,255,255,251,239,204,88,9,0,0,0,6,0,2,3,0,6,2,7,51,179,243,255,255,255,255,255,253,255,255,253,248,215,155,52,1,6,1,1,6,0,0,6,5,3,2,0,27,131,210,251,249,253,255,249,236,245,239,238,211,121,32,8,0,2,1,5,0,0,2,0,0,5,4,5,7,51,123,192,232,233,221,202,177,144,129,109,76,34,5,0,0,0,0,1,2,0,0,4,6,5,5,0,4,5,36,83,133,117,92,71,39,24,11,13,15,7,6,0,4,0,3,3,0,0,0,0,3,0,6,0,5,0,9,10,10,13,15,6,0,0,5,3,4,0,0,0,5,0,0,1,0,2,2,6,1,0,3,6,2,6,0,5,3,5,0,0,0,0,1,0,4,0,0,3,4,0,0,3,1,1
6,1,4,6,3,1,1,0,1,0,0,3,0,0,1,0,0,3,0,0,0,4,0,6,1,3,0,0,0,0,0,0,3,6,2,0,3,0,3,5,0,4,5,6,0,0,0,0,1,5,0,0,0,1,0,1,0,2,5,0,0,0,0,0,0,2,0,4,0,0,4,6,3,0,6,0,0,0,0,0,0,0,1,0,0,0,0,0,4,0,0,0,0,0,0,3,18,19,22,24,26,13,2,3,0,0,4,0,2,0,3,0,0,0,0,0,0,0,7,14,14,16,25,42,79,111,123,147,131,66,15,2,0,0,0,0,4,0,4,0,1,0,2,0,0,3,44,83,110,124,153,178,211,234,241,240,230,178,64,13,0,0,0,3,0,0,0,0,0,2,2,8,15,44,141,206,237,236,239,238,255,255,252,255,255,232,107,12,0,6,0,0,0,1,1,0,0,0,0,20,89,152,214,254,255,252,254,255,255,252,250,252,251,236,132,22,0,0,3,2,0,0,0,0,5,0,0,63,174,232,250,255,250,255,255,255,253,255,251,252,249,234,149,22,0,5,0,0,0,5,6,1,0,5,22,114,231,255,253,255,249,249,255,251,255,255,252,254,249,240,173,38,6,4,3,0,0,0,2,1,0,1,42,145,246,250,252,252,253,253,255,255,255,250,252,255,255,246,207,68,8,0,1,0,0,5,5,0,0,1,53,192,242,255,249,255,255,253,252,249,249,249,255,255,250,251,234,105,24,2,0,2,5,4,4,3,0,7,34,169,246,249,255,255,255,249,255,255,255,255,255,255,255,249,249,169,71,9,0,0,6,6,6,1,0,2,30,152,238,255,253,255,253,255,255,255,255,255,250,255,251,250,251,227,143,22,1,0,0,0,5,0,3,0,48,165,248,255,253,255,249,255,249,250,251,255,251,254,255,255,253,242,168,38,7,0,0,0,2,0,1,14,80,214,255,250,253,255,255,255,251,255,255,255,255,255,253,255,254,246,200,72,16,6,0,0,4,4,0,7,74,212,250,255,255,249,255,255,254,249,251,255,255,249,254,254,255,255,226,101,15,3,4,0,0,0,5,5,37,172,236,251,249,255,253,252,255,255,255,253,251,255,249,255,255,249,231,125,17,1,0,6,0,0,6,0,21,155,238,253,255,251,255,255,255,251,249,255,252,255,253,249,255,251,235,141,21,5,0,0,4,4,2,0,14,134,242,255,255,255,253,252,255,250,250,255,249,255,254,249,254,255,236,166,36,0,1,0,5,5,6,6,14,107,229,255,255,255,254,255,255,251,255,253,251,250,255,251,255,255,247,200,65,14,0,2,0,0,5,0,18,86,215,253,251,254,255,251,251,254,255,250,253,255,255,255,255,255,255,229,91,13,1,0,0,4,5,0,7,43,178,237,255,251,252,249,250,255,252,253,255,255,255,253,252,255,255,221,102,18,0,6,0,0,6,0,5,22,99,204,245,255,255,250,252,255,250,255,253,255,251,255,255,253,251,184,75,8,5,0,3,0,5,0,2,1,29,137,234,251,255,253,255,249,252,255,255,252,255,249,254,250,239,153,34,6,0,0,0,3,5,0,3,3,21,112,237,254,255,255,250,249,255,251,249,255,255,255,255,245,207,117,26,4,0,5,5,2,0,5,0,5,8,82,211,253,255,255,255,255,253,248,246,244,237,229,216,192,135,52,6,0,0,4,0,4,6,0,0,5,0,34,113,197,230,236,243,239,231,219,188,148,129,110,92,51,20,6,0,3,0,0,2,2,0
6,2,4,0,4,6,4,2,0,1,0,3,1,0,3,0,0,0,2,5,0,1,2,0,5,0,0,0,0,4,3,0,3,0,5,6,0,2,5,0,0,0,0,3,0,6,3,4,0,5,2,0,3,0,0,3,0,0,0,2,0,0,0,0,1,3,2,1,0,6,6,0,6,1,0,6,1,5,0,0,0,4,0,4,4,0,0,0,3,5,6,0,1,0,0,0,1,0,0,0,0,1,0,4,0,0,0,0,1,5,1,5,0,5,4,2,5,2,4,5,1,5,6,0,0,2,0,0,0,0,0,4,0,4,0,5,0,0,6,3,2,0,2,5,0,0,0,0,3,1,6,0,0,0,5,0,7,0,2,0,6,0,0,5,2,0,0,0,0,0,0,0,0,0,0,4,3,5,2,0,0,5,0,13,33,31,31,19,16,19,13,0,2,0,4,0,2,0,3,1,0,2,5,0,5,0,3,0,14,22,66,96,137,160,148,128,109,99,64,26,1,0,3,2,0,2,0,0,0,6,0,0,1,0,4,24,101,141,194,223,230,236,235,235,232,222,186,73,10,0,0,4,0,0,1,0,0,0,1,5,0,11,26,80,186,234,255,255,255,255,255,255,255,252,206,77,12,4,2,6,0,5,0,6,0,0,2,5,7,31,96,175,246,254,255,253,248,255,249,255,255,244,185,62,5,6,3,0,0,4,0,0,4,0,3,2,25,101,192,241,255,255,255,252,249,255,255,247,245,226,165,34,4,0,2,5,0,1,3,0,0,6,0,10,62,161,240,252,251,255,254,254,252,252,241,209,165,161,108,20,0,0,0,0,0,4,1,5,0,6,6,25,130,223,248,255,255,248,255,255,254,255,248,191,92,39,23,7,0,2,5,0,3,0,5,0,4,0,0,36,169,235,252,255,252,255,255,253,249,250,255,237,142,50,12,6,3,2,0,1,0,1,3,3,1,0,12,68,201,254,255,255,251,255,254,254,248,249,255,255,223,120,20,4,6,3,0,0,0,3,1,5,5,0,13,90,227,250,255,255,255,255,255,255,255,253,254,252,246,167,43,0,3,4,1,1,4,0,0,0,0,0,19,106,227,255,253,253,255,250,254,249,254,254,249,255,239,163,30,0,5,1,0,6,1,3,0,6,0,0,19,131,242,255,255,249,255,255,250,255,255,252,255,251,239,141,18,1,0,4,0,6,0,0,3,0,0,4,28,147,241,255,255,250,254,255,255,255,249,254,255,251,232,124,18,3,0,6,2,5,0,1,6,0,2,0,36,170,247,255,249,255,255,255,252,255,250,255,255,252,237,105,11,6,0,0,2,6,0,3,3,0,0,4,62,188,245,254,255,249,255,255,255,255,255,252,249,255,215,94,11,4,0,6,0,3,5,0,0,5,0,4,58,166,241,255,255,255,250,255,255,255,255,253,255,250,203,66,11,0,6,0,0,5,0,0,3,4,1,3,15,108,224,254,253,250,250,255,254,255,255,255,255,248,167,43,0,6,6,0,0,0,0,2,0,0,0,0,8,81,203,249,249,253,249,253,255,250,255,255,255,232,139,17,0,0,6,0,2,0,1,0,1,6,0,0,0,29,111,211,249,255,255,255,248,255,254,253,242,181,96,18,5,0,0,0,4,4,0,2,0,3,0,2,0,0,32,90,180,235,241,246,247,254,249,229,164,85,23,0,1,0,4,5,0,0,2,1,5,0,2,1,0,0,7,21,70,118,135,160,186,209,206,148,58,12,0,0,0,1,0,0,4,0,4
7,1,5,0,5,2,1,0,4,1,4,0,0,3,0,0,0,0,1,0,0,4,1,0,0,0,0,0,1,0,6,6,4,0,0,0,1,0,0,1,6,6,17,18,17,28,46,18,9,2,0,0,3,0,0,2,0,5,4,0,0,0,0,7,8,17,20,20,48,77,93,119,140,165,165,85,15,0,0,0,0,4,0,0,3,6,3,0,14,14,28,64,90,117,131,156,179,203,230,232,239,240,230,117,9,2,0,6,6,0,4,0,0,2,0,2,65,141,170,195,220,230,236,238,238,245,253,254,255,252,243,144,14,0,0,6,0,5,3,4,0,1,5,20,109,223,240,251,252,253,255,255,251,251,250,255,253,255,237,163,33,0,3,0,6,3,0,5,0,0,3,9,102,233,255,255,255,255,255,255,251,254,253,255,255,249,241,189,46,8,0,2,4,5,0,5,0,4,0,7,76,205,251,255,253,254,250,251,255,255,249,254,255,253,255,221,77,10,1,0,2,0,0,0,5,0,4,3,47,185,246,255,255,255,255,255,252,255,255,252,254,249,252,221,103,17,1,1,0,4,0,6,0,6,5,0,23,156,244,255,255,255,255,251,249,255,255,255,255,250,255,208,91,3,5,0,5,0,2,4,1,4,2,0,14,126,228,251,248,255,249,251,254,253,249,255,255,251,238,142,27,0,0,0,1,0,0,0,4,0,2,1,2,61,148,200,224,244,255,255,255,252,253,251,254,254,197,70,6,0,0,0,0,0,0,4,0,1,6,0,0,13,45,80,120,216,251,252,255,255,252,255,255,240,178,55,3,0,1,0,0,0,0,0,6,0,1,0,1,4,0,11,70,199,250,248,255,255,255,255,255,236,140,29,0,4,6,1,1,0,6,0,0,0,0,2,5,0,1,7,65,194,253,249,254,255,251,251,255,227,110,22,4,6,6,0,0,0,6,6,0,0,0,0,0,0,0,8,120,225,250,254,255,253,255,255,245,176,60,0,0,0,5,1,0,6,0,5,0,0,0,0,0,5,4,17,116,234,255,250,250,255,255,254,235,153,27,0,0,0,0,0,0,0,6,5,0,0,0,5,5,0,0,13,98,229,249,254,253,253,250,255,242,161,27,0,0,0,0,2,0,0,0,4,3,2,0,6,0,6,0,12,84,218,250,255,255,255,250,252,231,129,36,3,5,3,4,4,0,3,2,6,1,0,5,0,0,0,3,5,48,185,238,255,254,254,254,251,222,101,14,0,0,0,0,0,4,6,0,4,3,4,1,5,1,0,0,0,29,156,236,255,255,253,253,247,224,100,12,1,4,4,0,0,0,6,5,3,3,2,3,0,0,0,4,0,18,132,229,244,234,223,201,175,146,61,8,0,4,5,1,0,0,0,0,0,0,0,6,0,0,0,6,0,17,84,141,141,123,92,74,37,23,5,0,1,0,0,5,0,0,5,0,0,6,5,0,1,1,0,3,2,0,24,28,22,13,19,15,0,2,0,3,0,6,0,0,0,2,0,0,3,0,0,0,1,1,2,0,2,0,2,0,5,0,1,6,6,0,0,5,4,0,0,0,0,5,4,0,0,0,0,0,0,0,6,0,2,0,4,0,0,5,0,0,5,3,0,1,2,4,0,5,0,0,4,1,5,6,4,0,4,0,2,0,0,0,3,0,0,4,6,1,0,3,6,6,0,0,2,0,2,0,0,0,0,2,0,0,2,1,0,0,0,4,5,0,0,4,0,1,0,5,0,1,0,0,0,0,3,0,2,2,5,0
7,3,1,1,2,0,0,0,0,0,6,2,0,0,0,0,0,0,4,0,0,6,2,0,0,1,0,0,1,2,0,5,1,6,5,0,0,0,0,1,3,4,0,6,0,5,2,0,0,0,0,6,1,5,0,0,0,0,4,6,0,0,6,0,4,0,3,3,2,1,0,0,4,2,0,0,5,0,0,0,6,4,0,1,0,5,1,0,5,4,0,1,0,0,2,6,4,0,3,0,0,3,2,6,0,0,4,0,0,4,0,2,0,0,5,0,1,4,0,3,0,0,0,4,0,0,0,3,0,0,5,0,5,0,6,6,4,1,0,0,5,0,0,2,1,4,2,0,5,2,1,6,2,6,20,13,12,13,19,5,0,3,4,1,0,2,0,3,3,1,4,5,5,0,0,2,16,20,28,36,52,74,102,107,121,144,130,58,15,2,0,6,0,0,4,5,0,3,5,0,5,2,1,17,79,132,157,177,189,211,225,230,235,237,212,91,8,6,0,5,0,0,6,0,0,0,4,2,0,0,0,27,136,227,237,245,245,248,255,252,250,255,233,112,18,0,0,0,0,0,0,0,0,1,0,2,0,0,0,24,144,238,253,253,255,250,255,255,253,255,244,128,22,3,0,0,6,0,6,5,0,5,0,0,6,0,5,13,128,242,249,253,255,255,250,249,255,255,234,138,18,6,3,1,4,0,5,0,2,0,0,0,4,6,0,20,113,235,255,255,255,252,255,253,249,253,237,152,30,6,0,2,5,3,5,0,0,0,0,1,0,0,3,12,85,207,233,238,252,250,249,251,254,254,238,178,41,4,5,5,0,0,0,5,0,0,0,0,0,0,3,3,37,99,114,141,218,247,252,255,255,255,239,175,43,0,0,0,0,3,0,1,1,2,4,0,4,0,4,0,7,10,26,72,194,248,255,255,255,251,236,133,33,0,2,5,0,5,4,3,0,0,0,0,0,0,0,0,0,0,22,123,224,252,251,255,249,255,212,96,16,6,0,0,0,0,3,0,5,6,3,0,2,0,6,0,0,0,25,146,238,255,255,255,251,243,160,54,0,0,0,0,2,6,3,4,0,0,0,4,0,1,0,1,0,2,29,155,238,249,252,255,255,229,117,14,0,1,3,1,6,0,4,0,0,0,0,0,3,0,0,0,0,10,74,190,252,252,255,255,245,193,66,1,0,0,3,0,6,0,0,1,0,0,0,6,0,1,0,2,0,13,109,226,249,255,255,255,247,160,28,0,3,0,0,0,0,0,4,4,0,0,5,1,0,0,0,4,4,12,100,222,255,255,249,252,243,155,28,0,2,2,0,0,0,0,0,0,0,3,0,2,2,1,2,0,0,6,78,209,252,244,237,237,206,121,23,5,0,0,0,0,0,0,0,0,0,0,5,4,2,6,3,1,0,9,54,176,206,197,177,150,122,46,3,0,2,4,0,2,0,2,3,0,0,5,2,1,0,2,4,0,1,0,14,64,71,57,37,33,23,0,5,2,0,1,0,0,5,0,0,0,0,0,6,5,0,0,4,2,0,2,0,14,11,3,0,1,0,0,0,0,0,0,2,0,0,0,4,0,2,0,0,5,1,0,5,0,2,0,0,0,0,4,4,0,5,6,5,3,4,0,0,0,3,0,0,2,1,5,0,1,0,0,4,0,0,0,2,0,0,0,0,6,0,0,0,1,6,0,6,0,0,1,6,0,0,0,6,3,5,4,2,1,0,2,0,0,6,2,4,6,0,0,0,0,0,0,1,6,3,5,0,2,4
7,6,0,0,0,2,6,0,0,2,2,0,4,0,0,0,5,0,6,0,0,0,3,0,0,0,0,0,6,1,4,0,0,0,2,3,0,0,2,3,4,1,0,0,2,5,0,6,0,3,5,0,2,3,0,0,0,0,5,4,6,3,0,0,4,0,0,0,0,0,0,0,2,6,0,2,0,0,1,6,0,2,0,6,0,3,0,3,0,4,0,0,0,0,3,3,4,0,0,2,0,2,0,2,0,0,2,2,0,0,2,3,0,0,1,0,0,0,4,0,5,0,0,0,0,0,0,0,0,0,5,0,0,4,2,5,0,0,0,0,4,0,0,1,0,0,0,5,0,0,3,3,0,3,4,3,0,0,5,5,0,5,3,0,2,0,5,3,3,0,0,0,0,0,0,0,4,0,0,1,5,14,14,8,6,2,4,5,0,0,0,0,6,6,0,0,6,4,0,1,0,0,0,0,2,4,0,5,41,105,111,90,77,60,46,31,18,17,21,16,11,8,0,3,4,3,0,0,0,1,0,1,6,0,0,17,79,206,238,221,208,190,178,165,146,126,120,103,71,17,0,6,4,2,0,0,0,0,6,0,4,6,3,19,104,239,255,249,255,241,247,238,245,234,236,221,171,57,7,0,4,0,1,5,0,0,5,0,0,2,1,15,123,234,251,255,255,249,255,255,255,252,253,255,226,121,19,5,0,3,0,0,5,0,0,0,1,0,0,22,133,246,254,251,255,255,250,255,255,255,255,254,241,127,15,0,1,0,0,0,4,5,1,0,3,0,2,16,134,227,246,244,245,255,255,254,253,255,250,255,236,114,16,5,5,0,2,6,0,0,6,0,0,5,1,9,78,128,148,176,224,249,255,255,252,251,255,251,228,98,20,3,5,0,0,5,0,0,1,6,3,0,0,0,5,15,29,76,181,248,255,253,254,255,255,231,171,70,9,1,0,2,0,0,3,0,0,0,0,6,2,0,0,0,24,91,207,246,251,251,254,250,233,157,70,18,8,3,0,0,0,2,6,4,0,0,0,1,0,0,0,3,67,181,239,255,250,255,250,243,191,67,12,0,0,0,5,3,0,0,0,1,3,3,3,1,6,0,0,22,96,229,253,255,255,255,246,210,116,29,0,0,0,5,0,4,4,0,0,6,6,0,3,3,2,6,6,55,158,236,255,253,255,255,245,165,42,0,0,4,4,6,2,6,0,0,0,1,5,6,2,4,0,5,15,108,229,255,252,249,254,255,232,130,20,0,0,0,6,5,6,0,5,0,6,0,2,0,2,0,0,0,19,126,232,250,255,255,250,246,179,80,1,0,2,0,0,5,5,6,0,3,0,3,0,1,0,3,0,5,17,139,241,255,255,255,253,244,129,23,0,6,1,3,4,0,6,0,6,0,0,3,5,0,3,5,0,0,21,155,237,252,255,255,254,213,93,9,4,5,2,0,0,0,5,0,5,2,0,5,0,0,3,4,0,0,34,170,241,254,249,255,236,140,44,6,0,6,0,0,0,4,5,5,5,3,0,3,0,3,4,0,4,4,56,177,234,245,245,250,213,82,20,0,1,0,5,0,1,2,0,1,0,6,0,0,0,1,0,6,0,0,41,121,157,179,193,207,168,47,5,1,0,0,0,0,6,3,0,2,5,0,0,0,0,3,3,0,0,0,0,17,29,37,63,70,65,11,3,0,0,0,3,0,2,4,5,0,2,0,5,1,0,6,6,4,0,2,6,2,4,0,3,17,10,1,2,0,1,0,0,0,3,0,2
7,0,6,1,6,6,6,39,94,137,122,113,96,87,56,39,32,23,18,19,10,5,0,0,0,1,0,0,0,0,1,1,0,1,31,115,197,230,235,231,224,212,197,174,160,150,135,109,53,9,3,6,0,0,0,0,0,0,0,0,0,1,53,174,242,250,255,253,253,250,252,246,235,239,233,217,130,29,0,0,0,0,3,0,0,0,0,2,0,12,78,205,253,254,252,255,255,249,255,249,251,250,250,247,187,57,5,0,0,5,0,4,0,0,0,6,3,7,89,216,252,255,255,255,255,255,255,255,255,251,255,250,183,37,0,0,0,2,3,0,0,0,0,4,6,11,105,225,252,251,249,255,250,252,255,255,252,255,255,239,163,29,2,1,0,5,0,0,0,6,0,3,0,11,119,238,252,255,253,249,251,253,255,255,255,255,253,236,153,23,4,0,6,5,0,0,0,4,4,1,1,14,136,241,255,249,249,255,253,251,255,254,252,253,252,233,138,19,5,0,0,3,6,4,0,0,2,6,0,23,119,207,238,243,242,255,253,255,251,255,255,255,249,228,111,13,0,0,0,3,2,4,0,6,0,0,1,6,48,93,113,143,219,247,255,255,251,255,249,255,249,171,76,5,3,6,0,6,0,0,0,2,0,3,4,0,10,10,31,123,209,244,253,255,255,255,252,251,227,97,18,1,1,5,0,0,2,1,5,4,6,6,0,0,0,0,48,174,238,255,255,255,252,250,255,242,207,69,6,0,0,4,0,6,0,0,3,6,5,0,4,6,3,24,91,211,252,254,255,252,255,250,255,219,125,34,0,4,5,0,0,0,1,0,2,4,0,6,4,0,9,67,167,245,255,255,255,255,253,252,245,176,48,0,0,0,0,0,3,1,0,2,0,0,0,0,2,0,16,97,218,255,255,255,255,255,255,255,235,145,17,3,2,0,2,1,0,3,5,0,6,0,1,0,2,5,13,122,242,255,255,255,252,251,255,242,182,72,10,0,3,0,4,1,1,4,0,0,0,1,2,1,5,2,22,135,239,255,255,255,252,255,255,237,140,22,0,0,5,0,0,0,5,4,0,4,3,0,0,3,0,3,20,148,246,252,254,255,255,255,250,214,99,10,1,0,1,4,4,0,0,0,3,0,0,6,0,0,0,0,26,160,239,255,255,252,255,255,231,147,56,4,0,2,1,0,0,0,0,4,0,0,0,4,5,2,6,3,35,169,224,238,244,236,245,245,222,96,15,0,0,0,3,5,0,2,0,6,0,5,0,0,0,5,4,0,20,79,121,130,143,157,176,196,169,58,8,2,0,0,0,0,5,0,2,0,0,0,5,3,2,0,0,0,0,6,15,12,24,25,38,53,60,17,4,0,5,0,0,3,1,6,2,0,6,3,0,5,0,0,0,0,0,0,3,0,4,0,0,11,1,0,0,4,0,2,0,1,0,0,2,0,0,4,0,0,6,0,0,0,4,2,0,0,5,5,0,0,0,0,0,0,0,5,0,0,0,0,0,0,6,4,0,0,6,0,0,4,0,0,2,0,0,6,5,0,0,0,0,3,1,0,0,0,0,0,2,0,0,1,1,0,6,1,0,0,4,0,4,0,1,6,0,3,0,2,0,0,0,0,0,3,3,1,3,0,0,1,5,0,0,4,1,0,5,2,0,0,2,5,2,0,2,0,2,3,0,2,0,0,0,5,0,6,6,2,0,0,2,0,3,0,4,6,0,0,0,0,0,2,4,0,5,0,0,0,0,0,0,0,6,3,4,0,5
7,0,0,0,0,4,0,4,1,5,5,0,5,0,0,0,0,0,3,3,0,0,0,0,1,0,4,0,6,1,2,2,0,0,5,0,6,0,0,0,0,1,0,0,0,0,0,3,1,0,6,0,0,0,5,4,0,2,0,0,2,6,6,0,0,2,0,4,6,0,0,5,0,2,0,0,0,5,6,6,2,0,0,4,0,1,0,2,1,5,4,6,0,1,2,3,6,3,6,5,0,0,0,4,3,5,2,0,0,0,2,0,0,0,0,0,0,0,0,0,14,19,25,12,18,9,6,0,0,4,4,3,1,4,5,0,0,2,0,4,5,0,4,0,2,0,0,11,88,151,142,118,94,71,37,21,15,11,8,9,6,1,4,0,3,2,4,1,0,5,0,5,5,0,0,13,134,225,238,234,220,201,169,144,126,108,86,62,35,25,21,17,5,6,6,5,0,0,2,0,0,0,0,28,159,237,255,252,255,251,248,239,236,233,214,185,163,135,126,89,35,0,0,4,2,3,0,0,0,0,9,52,179,239,252,252,249,251,250,255,254,250,255,245,239,246,233,203,87,9,1,0,6,4,4,1,0,1,18,84,210,252,251,255,255,255,255,255,252,255,255,248,255,254,251,220,82,6,4,0,4,5,2,0,0,0,13,102,224,255,255,254,251,255,255,255,249,255,255,254,249,255,244,187,53,1,0,0,0,0,0,0,3,5,14,118,237,255,255,249,254,253,255,255,255,250,252,249,255,255,241,156,33,3,5,4,0,0,0,1,0,0,17,137,244,255,255,255,251,250,252,250,251,255,252,254,253,255,238,143,20,3,0,6,0,0,4,0,0,2,30,162,238,255,255,249,255,255,255,255,255,255,252,255,255,249,229,107,15,0,6,0,3,4,0,0,0,3,36,150,220,242,246,251,254,255,254,251,252,255,250,255,255,235,172,67,9,2,0,0,0,0,0,0,1,0,17,64,114,167,236,251,249,255,249,255,254,251,255,255,246,203,78,22,0,0,0,3,0,6,0,0,0,6,0,18,82,187,247,253,251,255,255,255,249,255,255,243,208,107,23,6,5,5,3,0,6,2,2,2,0,0,9,38,131,230,249,255,255,255,249,255,254,255,252,231,148,33,0,0,0,2,1,4,6,0,0,0,0,0,17,115,200,246,255,255,250,255,255,254,255,255,243,163,59,2,0,3,6,4,2,1,5,0,5,0,4,0,46,167,242,250,255,255,255,255,251,255,250,243,200,108,18,0,6,3,0,1,0,2,1,0,0,0,0,5,72,206,255,255,255,254,255,250,255,250,236,183,104,36,1,0,1,4,0,1,0,2,1,0,0,0,0,17,98,232,251,249,255,251,250,255,255,244,179,69,28,0,4,0,6,3,4,0,0,0,3,0,4,0,6,20,119,236,249,255,255,255,255,249,243,202,106,19,3,2,4,5,0,2,5,1,0,0,0,0,4,3,0,20,137,238,253,253,255,251,255,255,227,132,32,0,0,0,5,1,3,0,1,0,0,2,6,0,4,1,4,17,122,207,234,241,234,239,252,244,163,63,6,0,0,4,0,0,0,1,5,1,2,6,0,3,0,2,0,7,47,88,108,130,150,174,209,202,92,21,0,0,1,1,0,2,4,0,4,0,0,0,6,0,0,0,0,6,2,19,21,16,25,46,66,79,30,8,3,6,5,0,0,0,6,2,0,0,6,0,0,1,0,0,2,4,5,3,0,3,0,3,16,15,5,3,3,4,0,0,4,3,0,5,0,4,3,0,0
7,5,6,1,0,1,19,98,220,243,242,233,241,230,204,173,156,136,118,98,74,49,35,18,19,8,0,5,3,0,0,2,1,0,16,116,236,255,255,250,253,250,244,241,243,244,241,229,210,185,163,146,119,66,9,6,0,2,0,4,3,0,24,140,240,253,255,251,255,252,251,249,255,254,254,253,255,250,236,235,221,129,16,0,3,1,0,0,3,5,23,157,236,251,250,254,255,253,249,255,255,251,252,255,253,250,251,255,237,123,21,6,2,0,6,0,2,9,47,183,240,250,255,251,250,255,255,255,252,255,255,254,255,251,250,253,228,111,9,0,0,0,0,5,0,13,67,204,255,250,255,253,255,252,255,255,255,253,251,255,253,255,249,255,214,82,15,6,2,4,6,0,6,14,84,215,251,255,255,253,255,250,255,255,254,255,251,253,255,255,255,246,196,59,2,5,0,3,6,5,0,6,75,168,207,224,241,255,255,249,255,255,252,253,255,255,255,251,253,243,167,36,3,0,0,3,6,5,6,0,10,39,73,125,188,245,255,251,255,255,255,253,255,250,250,255,250,240,149,23,0,5,5,0,4,0,6,5,5,5,27,110,208,247,255,250,255,255,255,255,255,254,253,255,253,236,127,11,0,0,6,6,0,0,0,6,0,10,55,161,231,251,249,255,251,255,249,253,250,253,255,255,252,229,102,19,3,2,0,0,6,4,0,0,11,49,145,229,255,255,251,250,250,255,255,255,254,255,252,255,231,150,58,11,0,0,0,1,2,0,5,2,44,115,222,251,254,255,255,252,249,255,255,249,255,252,252,237,198,65,12,0,3,3,0,2,1,0,6,10,97,204,252,253,249,251,255,250,255,255,255,255,253,248,235,184,93,15,1,4,6,0,0,0,2,0,0,21,119,232,253,255,254,255,251,251,255,252,251,255,255,242,166,72,20,6,3,0,0,0,2,4,5,6,0,27,138,234,255,252,254,255,255,249,251,255,253,254,255,212,110,19,5,3,0,0,0,0,0,1,0,1,0,27,164,234,253,254,255,255,255,250,255,250,253,255,228,126,38,1,2,0,5,0,0,0,0,0,4,0,1,59,181,246,255,255,249,255,251,255,249,255,255,244,167,74,15,0,5,6,1,0,0,6,6,4,1,0,9,69,200,246,255,249,252,252,248,255,252,253,244,192,82,15,0,2,6,6,6,6,6,2,5,0,0,0,12,66,160,213,223,240,233,236,242,245,255,239,196,116,25,1,0,3,0,1,5,0,0,4,6,0,0,5,2,14,38,69,103,122,132,156,172,205,220,176,89,20,1,1,0,0,2,0,3,5,6,0,2,1,4,0,2,0,9,7,13,18,21,28,35,62,91,58,13,0,0,4,0,0,0,3,6,0,5,0,1,6,0,0,0,6,5,0,3,0,0,0,2,9,16,5,6,0,0,5,3,0,4,2,3,5,0,6,0,0,3,4,0,0,6,0,0,4,1,1,5,2,0,0,0,2,5,3,3,2,1,2,6,6,4,4,0,0,0,0,6,0,5,3,6,4,6,4,2,0,2,0,0,4,0,0,3,3,5,6,0,0,4,4,0,0,1,5,0,0,5,0,3,5,6,3,0,6,0,1,3,0,2,0,0,0,0,2,0,0,2,0,3,0,3,0,0,0,6,5,6,0,0,0,0,0,5,3,3,5,4,6,6,0,0,0,3,5,0,0,0,0,0,5,0,4,0,3,5,0,0,0,0,0,0,0,4,0,1,3,6,4,1,3,5,0,0,0,0
7,0,6,0,4,2,70,182,239,248,237,241,249,246,240,252,246,249,246,253,255,250,249,255,229,132,24,1,0,1,2,4,6,13,103,228,249,254,255,255,255,255,252,252,255,253,252,250,253,255,255,255,238,149,17,0,0,1,0,0,1,13,102,238,255,255,255,255,255,253,255,255,255,254,255,249,249,251,253,254,241,150,28,0,0,0,6,0,0,10,107,228,255,255,249,254,255,255,255,255,252,255,249,255,254,249,253,255,243,152,31,3,0,0,0,4,6,16,99,232,250,252,250,255,255,255,255,252,254,253,253,255,253,252,255,253,241,154,23,5,1,6,1,4,0,15,88,229,253,252,255,249,255,253,254,250,255,253,255,249,253,250,250,255,240,169,34,0,1,4,0,0,6,11,90,227,253,255,255,249,250,255,255,253,255,255,253,249,255,251,250,255,242,174,35,0,6,0,3,0,1,12,87,215,249,255,255,252,249,253,250,254,255,255,255,250,253,255,255,255,240,170,29,0,3,4,6,0,3,13,78,195,227,228,230,243,251,255,255,255,255,252,249,255,249,255,252,246,214,122,18,2,0,0,3,4,1,0,25,76,90,97,133,227,248,250,255,254,255,255,249,255,255,252,253,241,177,53,7,5,0,0,3,0,2,0,0,15,9,25,93,210,252,255,255,255,255,255,254,254,255,252,246,223,131,25,0,0,6,4,5,5,4,0,2,4,5,45,155,231,255,255,255,255,252,255,255,251,250,254,249,194,69,9,0,4,0,4,0,1,2,1,0,3,6,63,187,247,249,253,255,249,255,255,255,252,255,255,229,153,43,4,2,0,6,0,0,6,0,6,0,4,28,133,225,246,251,254,255,255,255,255,255,252,249,245,208,79,16,5,4,0,5,5,6,3,6,0,6,7,57,180,247,253,255,255,255,255,255,255,255,250,250,243,157,46,11,3,0,4,0,3,5,0,0,4,0,26,119,212,250,255,250,248,255,254,254,252,255,252,255,208,92,14,4,0,0,1,2,4,0,6,0,4,7,39,158,237,255,255,255,255,255,255,253,252,255,249,243,178,53,3,0,5,3,5,0,0,1,0,6,3,4,33,162,245,255,249,248,255,255,255,255,255,255,252,221,100,16,5,0,0,0,5,3,5,4,0,4,0,4,26,158,237,253,255,255,253,252,255,251,254,255,248,188,60,12,4,0,0,0,0,4,0,6,3,0,6,0,26,158,242,252,255,255,249,255,253,253,255,255,223,109,29,5,1,0,0,0,2,1,3,2,0,0,5,0,21,159,239,255,255,249,255,254,255,255,250,243,189,73,3,5,1,0,0,4,0,1,4,4,3,0,5,0,17,152,242,255,251,255,246,254,249,247,241,201,94,23,0,0,0,5,1,0,3,0,1,0,6,2,0,2,25,131,216,224,220,217,205,203,197,195,174,99,27,6,0,0,6,2,0,0,6,5,6,0,2,0,0,0,6,51,85,85,84,73,75,68,68,57,44,20,0,0,0,2,4,0,0,2,4,0,4,0,1,0,0,0,4,1,19,18,18,9,14,3,7,7,3,0,0,6,0,4,1,6,4,0,3,0,4,0,2,4,2,0,3,0,0,5,0,0,0,0,6,3,0,3,0,1,5,1,0,6,5,1,4,0,2,0,1,0,1,0,0,0,4,0,3,4,3,0,0,0,0,3,0,0,2,0,6,0,4,0,4,0,6,5,0,0,0,6,4,1,0,6,6,3,1,3,0,0,0,0,6,0,0,4,0,0,0,0,0,0
7,0,0,7,8,14,13,20,28,32,32,35,52,58,70,74,83,99,99,110,108,42,3,3,5,4,0,6,0,6,8,74,110,126,141,146,155,151,169,180,189,198,198,208,220,221,227,237,210,105,16,5,2,0,0,4,0,6,21,131,223,236,243,233,234,243,247,239,248,241,248,249,253,254,249,255,232,122,14,0,0,0,6,5,0,5,19,141,237,255,252,249,255,252,249,253,255,255,255,255,252,250,255,255,240,126,11,0,0,3,5,0,3,4,23,135,245,249,252,250,251,255,251,255,255,249,255,252,255,255,254,255,244,132,13,2,0,4,0,0,5,5,22,123,233,255,255,255,255,251,249,255,249,249,251,250,255,255,255,252,242,139,22,0,4,3,1,0,0,0,16,114,236,251,255,250,255,252,255,249,255,255,253,255,252,255,253,255,239,139,17,5,0,4,0,0,0,6,21,115,239,255,255,250,255,255,252,250,253,255,250,253,255,253,252,251,246,144,21,0,5,4,2,4,3,4,17,107,232,252,255,250,253,255,253,255,254,252,255,252,253,255,251,251,228,152,23,0,0,3,3,1,3,0,7,83,217,236,246,249,255,255,255,255,255,253,255,250,255,255,253,249,208,96,13,0,0,0,0,0,1,4,14,45,114,133,165,236,255,255,253,254,255,255,254,255,255,255,255,245,168,48,2,5,0,4,0,0,0,0,0,9,20,26,97,223,247,252,250,255,254,254,255,255,255,255,243,214,113,25,0,0,6,6,6,0,0,1,0,0,5,29,139,231,252,255,252,250,255,255,249,250,255,255,230,142,41,7,1,0,6,4,5,0,3,4,2,4,0,46,187,242,255,254,255,255,255,252,255,255,254,244,204,73,15,0,6,2,0,0,0,0,4,1,0,0,4,42,180,246,254,255,252,255,250,255,255,255,250,235,160,44,1,1,6,3,0,0,3,2,3,0,0,0,0,37,179,241,255,254,255,255,255,252,255,255,251,221,97,19,5,0,0,0,4,0,0,4,0,3,0,0,0,29,160,242,249,254,255,253,255,255,249,255,252,175,64,4,4,1,1,0,6,0,3,0,3,0,3,0,0,22,150,236,253,255,252,255,255,253,250,255,234,121,20,6,0,2,0,1,1,3,6,0,1,0,0,5,1,22,148,238,251,251,251,250,249,255,255,254,231,103,10,6,1,2,6,1,3,0,0,0,6,2,1,0,0,19,145,245,254,252,254,249,253,255,255,254,226,106,10,2,0,2,0,0,0,5,0,0,6,0,0,0,0,12,132,233,255,255,255,251,253,255,255,255,199,86,14,0,0,4,4,1,5,0,3,6,0,0,0,4,0,22,127,244,249,254,255,255,249,249,244,232,137,32,6,0,5,0,1,2,5,3,5,0,5,3,0,3,0,18,107,225,235,225,220,221,219,207,200,175,86,17,3,2,0,0,1,0,4,0,2,3,2,5,3,1,0,13,56,107,114,100,95,84,79,66,61,42,21,7,0,6,0,0,0,0,6,0,1,2,0,0,4,2,0,5,12,18,18,13,18,11,15,12,3,0,0,0,0,3,5,6,0,0,5,0,0,6,5,2,1,0,3,4,4,0,1,5,2,0,0,4,0,4,2,0,0,0,6,0,0,0,6,0,0,2,0,0,5,0,4,0,0,1,0,0,0,5,0,2,4,0,0,0,4,0,6,0,3,4,0,0,6,0,5,0,0,5,1,0,4,0,0,0,0,1,4,0,3,0,0,6,0,0,1,5,0,1,4,0,5,4,0
7,0,1,0,6,6,2,6,4,0,0,0,4,0,0,4,0,6,0,0,0,6,0,1,1,0,0,0,4,0,0,6,0,5,0,5,0,4,1,0,5,0,0,0,0,2,0,0,1,0,0,0,1,0,1,0,4,0,0,0,1,0,0,3,0,6,0,5,4,0,0,0,0,0,2,0,0,0,2,2,2,0,0,0,1,0,3,0,0,0,2,0,1,3,0,0,6,0,7,12,13,18,19,6,0,2,0,0,0,0,0,6,1,5,0,0,0,5,5,14,15,21,22,21,27,44,65,89,99,115,131,91,35,8,6,0,0,4,0,0,3,1,0,4,5,7,26,69,91,112,128,141,158,170,199,214,232,230,231,198,114,26,1,6,0,3,0,5,0,0,0,0,3,14,97,197,224,231,240,237,241,239,254,255,253,255,255,245,181,48,5,0,0,2,3,0,4,0,6,0,5,51,162,238,255,255,255,249,255,252,252,255,249,255,253,247,202,71,12,0,6,0,0,0,0,6,0,0,1,47,172,246,251,253,253,255,254,255,255,255,254,253,255,255,229,96,15,6,0,4,0,1,0,1,5,4,4,29,163,245,255,255,253,255,254,255,250,251,255,250,250,255,230,111,20,0,0,0,2,0,1,0,4,1,0,17,150,239,251,255,255,255,248,255,255,254,255,255,249,255,239,117,15,0,6,0,0,0,0,4,3,0,0,18,137,244,255,249,255,249,255,248,255,252,255,255,252,255,224,119,11,5,6,0,0,0,4,4,0,4,4,9,117,233,247,235,241,250,255,251,251,255,250,249,250,242,190,64,5,0,0,2,4,1,0,0,2,0,0,17,82,169,176,166,188,246,249,251,250,255,253,251,254,237,159,41,0,0,0,0,0,5,6,0,0,0,2,0,21,45,37,57,151,234,253,255,255,255,255,255,255,219,112,30,0,4,0,4,0,0,2,5,0,1,2,0,2,10,5,58,178,239,255,253,254,255,255,255,249,215,81,14,3,0,6,0,0,1,0,0,0,0,2,0,1,6,12,86,203,255,255,255,248,249,255,255,248,223,85,19,0,0,1,2,1,3,4,0,4,0,1,0,0,0,15,137,228,255,253,255,255,255,255,249,252,166,57,0,0,0,5,6,2,3,5,0,2,0,1,3,0,0,22,135,238,250,255,252,255,255,251,255,238,130,21,0,0,4,1,5,6,0,5,0,3,0,0,1,2,0,11,128,239,254,249,255,255,255,255,253,192,83,12,5,0,0,0,4,1,4,0,2,0,0,0,1,3,0,21,110,236,252,251,255,255,255,252,239,157,32,0,2,3,0,6,2,4,0,0,0,6,5,0,5,0,6,20,93,225,255,254,254,251,255,250,217,119,13,0,2,2,0,0,2,0,1,0,0,4,0,0,0,4,0,12,65,201,255,255,250,255,249,235,191,72,8,2,0,0,0,2,0,0,0,2,4,0,0,0,0,5,0,1,42,177,223,241,235,217,202,173,127,44,9,0,0,5,0,1,0,4,4,0,0,3,0,0,0,0,0,5,16,94,126,111,105,88,65,39,26,4,5,0,1,0,5,0,0,0,3,2,0,0,2,5,5,6,1,0,0,16,12,11,16,10,13,0,4,4,6,0,2,5,0,6,1,6,0,0,0,5,0,6,1,4,0,0,4,0,0,0,0,0,0,2,3,3,0,0,0,3,2,0,0,4,0,1,3,6,0,5,0,0,0,6,3,0,0,0,0,0,0,0,6,5,6,0,1,0,0,0,5,0,0,0
7,1,2,0,6,0,0,0,0,6,6,0,6,2,0,0,0,2,3,5,0,0,0,3,1,2,6,5,1,3,6,4,1,5,0,0,6,0,6,3,3,0,4,0,1,5,0,3,0,5,0,5,6,0,0,0,1,0,4,4,5,3,16,18,9,13,15,17,17,10,2,0,0,0,4,0,0,4,0,5,1,0,0,3,0,0,0,6,0,28,94,130,118,107,95,91,73,64,41,30,29,21,20,11,15,14,12,6,1,1,5,0,3,5,0,0,5,55,179,225,243,240,225,218,210,192,181,168,149,141,127,122,117,107,92,67,17,3,0,0,1,0,1,0,13,73,205,253,253,254,255,254,255,253,249,247,243,235,242,234,239,235,213,155,40,5,0,4,0,0,0,0,16,83,216,255,253,255,249,255,254,249,255,255,252,255,252,255,255,252,249,171,39,0,2,5,4,0,0,0,12,100,235,255,252,255,252,255,251,255,250,255,255,250,255,252,255,255,241,170,36,4,0,6,0,0,0,3,19,108,235,254,255,254,249,255,255,249,252,255,255,255,252,254,252,255,237,158,21,0,5,6,0,0,2,1,11,118,238,252,255,249,252,255,255,251,255,255,253,254,255,255,254,253,236,139,20,0,2,3,2,0,0,0,15,133,237,249,255,255,255,255,252,255,255,249,249,255,255,254,255,255,244,131,18,1,0,0,3,0,6,3,19,141,246,255,255,255,255,251,249,250,255,255,255,255,255,255,249,254,240,122,17,0,0,5,4,0,0,3,22,140,219,238,253,248,255,255,255,254,255,250,255,255,255,255,255,255,239,117,17,0,0,0,0,0,4,0,8,64,104,147,209,243,253,255,255,255,255,255,253,255,253,255,255,252,224,101,13,5,0,0,5,4,0,1,3,5,11,55,180,242,248,251,255,255,255,254,255,255,251,252,254,240,172,66,14,0,6,3,6,0,0,5,6,0,4,51,195,241,250,249,251,251,253,254,255,255,255,254,244,206,91,21,3,3,0,1,4,1,0,4,3,6,10,74,207,246,255,253,255,250,255,255,255,255,254,252,225,147,41,8,0,5,0,3,0,0,5,0,3,3,52,151,233,253,255,255,250,253,255,255,255,255,251,243,171,55,9,3,0,0,1,0,0,5,1,0,6,18,87,218,253,255,252,254,253,255,249,255,253,255,253,203,107,23,4,0,2,0,2,2,6,0,4,0,0,18,110,228,255,249,255,255,255,252,255,255,250,255,230,152,33,0,0,4,0,4,6,0,5,4,2,3,0,10,118,235,249,254,255,252,250,255,255,251,250,252,185,91,11,4,4,2,2,0,0,0,0,0,0,2,0,20,126,242,255,255,250,255,255,255,255,250,252,240,143,28,3,0,0,5,4,4,0,0,4,0,0,0,0,14,142,235,250,252,255,255,254,254,255,249,255,222,111,13,2,0,1,0,0,0,0,4,0,0,0,0,0,27,156,241,255,250,255,255,255,252,255,255,238,171,69,13,0,3,0,0,0,0,4,0,0,0,1,0,3,26,168,242,249,251,255,250,255,255,252,255,230,110,17,0,2,1,0,4,6,2,0,0,0,0,2,6,7,38,176,244,255,249,255,249,254,255,255,255,208,73,10,0,6,0,6,0,3,0,1,0,5,2,1,4,3,46,172,231,245,234,237,247,249,253,254,223,134,43,10,3,0,1,0,3,4,5,0,5,0,0,4,0,7,27,95,136,141,157,169,181,195,211,220,174,55,12,4,0,3,0,0,3,0,0,0,4,0
8,0,5,0,0,4,0,0,0,0,0,2,2,5,0,1,0,6,0,0,3,4,0,0,0,0,3,1,0,0,4,0,0,6,4,0,4,0,0,1,0,0,1,2,3,3,5,0,1,0,0,2,1,0,0,0,1,0,1,3,1,0,0,2,0,6,6,13,41,79,90,73,76,64,61,47,44,48,26,4,2,5,0,0,6,4,6,0,1,0,0,0,0,7,52,104,157,216,227,211,211,193,188,179,158,153,102,33,20,8,2,6,3,6,0,5,3,6,0,0,10,62,153,225,243,249,255,255,251,247,249,237,242,235,201,151,132,79,20,4,2,2,0,0,2,0,5,12,63,172,237,255,255,255,255,255,255,254,249,248,253,255,249,243,236,184,75,3,1,0,5,0,2,0,4,19,109,227,255,254,252,255,255,251,252,255,255,250,255,250,255,252,255,234,124,23,0,3,1,0,6,1,4,19,127,233,255,255,254,249,254,255,255,255,255,255,248,255,252,255,255,242,130,20,0,5,0,6,0,0,0,14,134,235,250,253,249,255,255,252,253,255,253,251,255,255,255,255,250,238,130,20,0,0,0,6,0,0,0,22,137,238,255,255,255,255,255,254,255,249,251,252,252,251,254,255,255,240,118,20,5,0,5,5,0,0,5,25,153,236,255,255,250,253,254,249,249,255,252,251,253,255,251,254,250,238,109,9,1,0,0,2,0,0,6,21,152,244,249,255,255,255,253,255,252,255,255,252,255,255,249,255,250,236,107,9,4,0,0,0,0,4,4,31,166,236,255,255,255,255,255,249,251,252,255,255,255,255,255,255,250,220,89,18,0,0,0,0,0,0,0,44,171,247,255,254,255,250,250,252,255,250,255,249,255,249,255,251,255,221,99,22,6,1,0,0,2,0,0,45,181,239,252,255,249,251,255,250,255,255,255,250,255,255,253,254,251,231,140,36,0,6,0,0,1,0,1,53,196,245,250,249,255,255,251,255,255,255,255,255,255,254,255,255,255,244,192,59,9,5,0,0,0,4,15,64,208,244,255,255,255,255,255,254,255,250,255,255,255,255,254,251,250,242,194,58,10,6,5,0,0,3,8,73,219,247,250,255,255,253,250,250,254,255,250,255,255,255,255,255,255,246,180,41,0,0,3,2,0,4,15,85,218,255,249,251,255,252,251,252,255,255,252,255,254,251,255,250,253,243,168,39,0,6,5,0,0,0,19,91,230,255,255,250,252,250,255,251,255,255,255,255,254,255,255,255,255,239,167,31,0,2,3,0,5,0,16,109,228,255,255,255,255,255,253,250,255,251,255,255,255,253,249,250,255,234,157,29,0,0,3,0,0,5,11,106,232,255,255,255,255,251,253,255,255,255,249,255,255,250,248,250,255,236,148,27,1,0,0,6,0,0,18,105,228,252,250,253,251,255,255,249,252,254,253,249,251,251,255,255,252,237,135,13,5,0,3,0,5,1,4,71,179,238,255,255,255,255,252,255,253,250,255,250,255,253,255,254,250,188,80,12,5,1,2,0,1,6,3,14,75,185,237,241,245,251,247,255,255,255,255,255,249,255,251,246,228,127,26,0,5,3,0,5,3,0,1,2,12,80,132,153,161,210,241,248,249,245,255,250,238,237,230,172,116,65,8,0,0,6,0,0,4,0,0,0,0,7,21,25,41,100,167,189,190,200,222,216,158,106,96,62,23,2,6,0,5,3,0,4,1,2,0,0,0,0,0,0,0,13,31,53,57,70,79,74,51,20,15,4,3,0,0,0,4
8,1,5,0,0,3,2,0,0,0,0,0,0,0,2,6,5,0,0,0,2,0,3,4,0,0,0,0,5,0,0,0,0,1,4,0,0,0,3,0,4,0,3,6,0,0,0,0,4,6,0,3,0,0,1,0,0,3,3,0,0,0,0,0,0,5,5,0,0,0,5,3,0,0,5,0,0,3,2,3,0,2,1,0,0,0,5,0,1,0,1,0,0,0,0,5,0,0,4,0,4,3,0,0,0,5,1,0,0,0,0,3,0,2,4,1,0,0,0,0,6,0,5,13,16,14,8,0,0,1,0,0,0,1,0,2,0,5,2,2,0,6,0,6,6,4,0,1,4,14,29,77,92,87,65,46,31,14,6,4,0,0,2,1,0,1,0,5,4,0,0,0,0,0,0,2,38,110,151,203,228,217,196,170,154,119,52,9,1,0,2,0,0,0,0,4,5,0,3,0,0,0,0,19,90,206,245,248,255,250,251,245,237,206,127,36,8,0,6,0,1,0,0,3,2,0,5,0,0,0,5,69,180,247,255,254,254,255,255,255,249,243,195,93,10,3,6,6,0,0,0,6,0,0,0,0,2,0,8,103,231,251,255,255,252,255,255,255,251,251,239,142,16,0,6,5,1,0,1,3,6,0,6,3,0,3,11,127,236,254,255,255,253,249,253,255,252,255,239,138,24,0,6,5,0,0,0,5,0,0,0,0,5,2,24,136,239,255,255,250,255,255,253,250,249,255,232,126,19,2,0,3,0,1,0,1,0,3,0,5,6,0,24,159,242,255,255,253,255,254,251,255,250,255,228,106,10,5,0,0,1,0,4,2,0,1,3,0,0,5,41,172,247,255,251,255,255,255,255,252,253,255,228,100,22,0,5,0,6,5,0,0,6,0,0,0,1,7,60,189,243,250,250,251,255,255,255,255,255,249,230,130,36,0,0,1,5,0,6,0,4,5,6,0,0,14,79,208,255,252,250,255,255,255,255,255,255,251,240,183,56,9,0,0,0,0,0,0,6,3,0,0,2,18,98,229,255,253,249,255,255,249,255,255,251,251,237,177,37,6,4,1,3,0,0,0,3,3,0,5,5,12,110,236,255,255,255,254,255,255,255,251,250,252,246,154,30,5,0,5,0,0,0,4,3,0,0,0,0,18,121,240,255,254,249,253,255,255,251,255,255,250,244,138,24,3,0,3,5,0,0,0,6,6,5,3,0,15,135,243,255,250,255,250,249,254,255,253,253,255,237,127,17,4,5,1,0,6,0,2,0,0,0,0,0,16,128,236,255,251,254,252,254,255,250,252,255,254,230,111,18,3,2,0,4,4,1,4,3,0,4,0,0,9,77,186,241,253,251,252,254,255,255,253,254,249,220,89,8,1,0,0,0,5,0,3,0,2,0,0,2,0,32,112,198,234,244,234,239,246,248,247,246,224,150,50,6,0,0,0,5,0,0,0,0,0,0,0,5,0,9,33,101,127,138,157,171,199,205,190,128,96,41,9,1,1,0,0,0,0,0,1,0,4,0,0,0,1,0,5,15,14,17,21,41,59,76,73,33,13,4,0,3,0,1,0,6,0,1,4,5,4,0,0,5,3,0,3,0,4,0,0,0,3,12,12,3,0,0,6,0,0,0,0,0,3,2,3,6,5,4,0,0,4,0,0,3,0,1,0,0,0,4,1,0,5,6,3,2,1,0,5,0,0,0,0,2,0,4,0,0,0,0,1,0,0,0,2,0,0,3,5,5,6,4,4,2,0,0,0,0,0,4,1,0
8,6,6,0,3,0,4,0,0,0,4,3,0,6,0,0,6,6,0,3,5,0,0,3,0,0,0,4,0,0,0,0,1,0,5,2,0,0,2,0,3,0,0,0,0,0,0,0,0,0,0,4,0,2,3,0,6,5,0,0,0,0,0,7,10,6,12,12,4,6,4,0,0,0,0,3,0,3,4,2,2,0,0,0,0,0,1,0,0,0,4,15,57,86,84,71,62,68,51,55,49,44,42,33,33,21,15,0,4,0,0,3,5,2,1,5,5,0,11,63,161,209,218,205,211,204,195,188,176,178,171,167,163,146,81,10,0,6,2,5,5,0,5,3,0,0,35,137,232,249,248,248,254,243,242,245,240,246,239,244,248,239,174,81,12,1,2,5,4,1,5,0,0,16,71,194,245,249,255,255,251,255,255,255,255,248,255,249,255,253,241,174,55,3,2,2,0,0,0,0,6,32,145,233,251,253,252,255,255,254,252,253,254,250,251,252,252,255,255,218,83,17,4,0,0,0,6,6,0,37,168,236,253,251,250,252,254,255,255,255,255,252,253,255,250,255,251,220,95,10,0,0,2,0,5,0,1,35,170,236,255,252,255,250,251,255,255,249,253,249,249,249,253,255,255,214,91,7,2,0,2,2,1,1,0,45,170,244,248,249,255,253,254,255,252,255,254,251,252,254,255,255,255,210,74,9,0,6,5,0,0,3,0,47,179,250,250,251,255,254,255,252,255,250,255,255,255,249,253,253,253,207,79,12,0,4,0,0,0,5,0,54,190,248,251,255,255,255,255,255,255,255,255,254,251,250,252,252,255,211,72,6,4,5,0,5,0,4,11,53,188,249,254,255,249,249,255,255,253,253,255,249,255,255,252,250,246,194,61,13,0,1,4,0,0,5,7,62,195,251,254,249,255,255,249,252,255,255,255,249,255,251,254,255,248,195,53,3,4,1,2,0,1,0,13,65,209,247,255,255,254,249,255,255,255,255,255,249,251,250,252,253,242,185,54,6,0,0,0,0,2,1,14,78,213,254,252,251,250,255,255,255,253,255,255,253,249,255,255,250,250,188,52,4,5,0,0,0,3,3,12,85,213,255,253,250,252,255,255,255,255,249,252,253,251,251,255,255,248,182,37,0,3,0,0,0,0,2,14,80,212,250,255,255,253,252,255,251,255,253,252,255,253,250,255,255,237,167,40,0,0,6,0,0,4,0,15,85,223,251,249,255,254,252,255,249,255,255,250,250,249,255,253,255,235,160,38,6,0,5,0,0,0,6,10,99,231,253,255,252,255,249,250,255,250,251,249,253,253,254,255,252,234,157,35,0,0,5,0,0,0,5,15,101,229,250,255,255,255,255,249,252,249,255,255,251,254,255,255,255,240,152,24,0,0,0,0,3,0,5,17,102,225,252,252,255,255,255,255,255,255,250,252,252,255,252,255,251,246,150,24,6,0,4,0,2,5,2,10,95,228,249,249,253,255,255,251,252,249,255,254,251,255,251,255,255,238,145,21,0,3,0,0,4,0,0,4,70,182,247,253,255,255,251,253,249,255,251,249,254,255,255,255,255,229,140,17,1,5,2,4,3,5,4,0,18,92,190,232,239,242,242,244,243,248,250,255,255,255,255,253,242,165,62,9,4,0,0,0,0,0,0,3,3,25,88,160,172,182,177,191,197,204,201,208,212,217,228,217,157,68,11,4,0,4,0,0,3,4,4,0,2,6,27,44,48,51,50,54,68,66,76,80,85,80,94,92,57,13,0,4,4,0,0,0
8,2,4,6,5,0,0,0,0,0,4,0,2,3,0,0,2,3,0,0,0,3,0,4,0,0,0,6,3,5,6,0,2,2,0,0,1,0,0,4,0,0,0,0,6,0,0,0,0,0,5,0,6,3,2,0,0,0,4,2,5,5,4,3,0,0,0,0,3,0,0,11,8,6,0,7,4,0,0,2,3,3,5,0,4,6,3,6,4,0,0,0,0,0,0,6,0,8,21,39,60,52,56,44,40,20,1,3,0,6,2,0,0,0,0,2,0,4,2,3,0,2,1,0,16,44,74,144,195,190,190,183,162,94,34,17,0,0,5,0,0,0,0,2,3,4,2,0,5,0,2,0,55,145,203,231,241,246,248,239,243,207,158,80,19,1,0,0,0,0,5,0,0,0,0,1,6,2,0,28,136,228,245,253,255,253,255,252,248,244,241,181,89,21,2,3,1,3,2,6,0,0,0,1,0,0,9,66,186,241,255,255,255,250,250,255,255,255,255,238,179,59,8,4,0,1,2,2,6,0,3,3,0,0,26,136,231,255,254,255,253,248,255,251,255,255,250,255,219,90,8,0,6,0,6,4,1,0,1,1,2,6,36,160,246,255,254,255,255,252,255,250,255,255,250,254,220,91,18,3,0,4,0,0,1,0,0,4,0,1,38,169,237,249,255,252,255,254,252,250,252,253,255,255,223,91,19,0,5,4,0,0,0,0,0,0,5,0,33,170,234,248,255,250,255,255,253,255,255,249,253,255,216,85,16,0,4,5,0,0,0,0,1,0,3,4,33,132,220,252,253,249,253,255,255,254,255,252,255,255,209,78,11,3,0,0,0,5,0,4,4,6,2,3,18,114,213,242,253,255,250,249,253,255,255,250,255,247,208,66,10,0,0,1,1,3,2,0,6,0,3,6,39,169,237,255,248,250,255,254,251,251,249,252,249,246,216,84,17,0,0,0,6,0,0,0,4,0,0,5,54,188,252,251,251,253,255,249,255,254,253,255,251,247,229,140,41,7,0,0,0,0,3,4,0,1,2,14,65,199,245,255,255,252,250,247,248,253,255,255,255,253,246,180,50,11,2,0,0,3,3,0,0,1,0,10,69,204,244,252,255,252,247,244,224,247,250,255,252,255,247,194,50,9,0,4,0,0,3,0,0,2,0,4,75,212,255,251,255,255,248,214,176,227,251,255,255,248,241,187,46,9,6,6,0,1,0,2,6,6,5,11,72,213,255,255,249,255,247,243,225,245,255,255,251,255,238,181,44,0,0,0,5,6,3,0,2,1,4,13,82,220,253,253,254,255,252,247,249,255,252,255,255,255,248,176,41,2,4,2,1,6,0,0,0,0,0,17,86,224,250,255,255,254,255,249,255,253,255,251,252,255,233,157,37,5,4,0,0,5,6,2,0,0,0,17,92,223,254,255,255,251,255,255,255,249,255,255,255,247,199,88,11,0,0,4,0,0,3,0,0,1,0,12,63,179,233,248,247,255,255,250,255,249,255,249,250,236,145,37,0,2,0,0,4,0,0,5,0,2,2,0,16,84,168,209,244,246,250,254,255,249,254,255,232,173,67,7,1,3,0,0,1,1,3,0,5,5,0,0,0,16,36,92,171,190,200,204,202,206,216,215,159,77,16,2,0,0,0,0,0,0,4,5,3,3,0,2,0,2,0,15,43,47,62,68,69,69,77,82,53,18,0,2,0,4,4,0,0,0,3,3,4,6,5,0,0,1,6,0,5,4,6,3,14,9,12,16,5,6,1,0,0,1,6
8,0,0,2,0,1,3,2,2,1,4,0,5,0,2,0,0,0,0,0,0,0,3,0,0,0,5,5,0,0,1,0,0,5,1,5,3,6,0,0,5,1,0,4,0,3,1,1,0,3,5,0,5,3,5,0,0,0,0,0,0,0,0,4,0,2,0,3,7,0,10,9,13,14,4,12,1,3,4,0,0,0,0,2,0,0,4,0,5,2,0,0,0,12,39,42,55,49,54,61,66,71,76,72,50,17,4,0,4,3,6,6,0,1,0,3,1,0,0,6,23,84,167,182,192,185,198,192,200,208,207,210,161,72,4,2,5,6,0,0,0,4,1,0,5,0,1,23,89,187,232,239,251,242,246,249,248,250,248,253,233,150,36,4,0,3,3,4,1,0,0,0,0,5,5,65,175,234,255,253,255,250,255,252,249,249,255,253,242,190,84,6,0,0,5,2,0,2,0,0,0,5,15,85,217,252,251,255,255,251,255,251,255,249,254,255,255,226,153,35,6,0,2,5,1,0,0,0,0,4,9,81,217,253,255,248,251,255,255,255,254,252,255,255,255,236,168,44,7,0,5,0,5,1,6,1,0,1,6,83,219,254,249,255,251,255,251,255,250,255,250,255,255,248,176,43,0,2,6,1,1,1,0,3,0,0,7,72,205,250,252,255,255,255,254,254,253,255,254,255,255,247,183,38,0,0,1,3,2,0,2,0,5,5,15,67,204,250,249,253,252,253,252,255,252,255,250,253,255,247,181,47,0,5,5,0,0,5,3,0,3,3,5,72,198,246,255,252,255,255,252,249,253,255,255,255,253,244,185,54,5,5,1,2,0,0,5,0,5,0,3,68,205,254,255,249,255,254,255,252,249,255,249,251,251,248,186,50,3,0,0,0,0,1,0,2,5,0,9,57,203,242,249,252,255,255,250,249,249,255,251,249,255,252,200,56,8,0,5,0,1,3,0,0,0,0,0,57,198,241,250,254,255,255,254,249,255,252,253,249,255,254,192,59,13,3,1,2,4,0,6,6,1,0,3,47,192,252,252,250,255,251,255,255,253,255,255,255,255,254,201,66,12,0,0,6,4,5,1,5,6,0,0,56,187,248,248,255,253,252,252,255,254,255,252,253,249,250,210,73,11,2,5,0,0,5,0,5,3,0,8,50,177,247,254,250,254,255,251,251,255,253,255,255,255,246,206,68,15,0,3,0,5,0,3,0,0,0,4,38,186,242,255,251,255,255,255,251,255,255,254,255,255,255,208,73,12,4,1,3,0,6,5,0,0,6,0,39,182,238,250,251,255,255,255,254,255,255,249,255,255,253,208,84,13,5,6,3,0,5,2,0,3,3,3,45,172,242,255,255,249,255,249,250,255,251,255,255,250,249,204,78,7,0,0,3,0,0,0,5,6,0,0,34,173,247,255,255,249,252,250,251,255,255,252,255,250,246,174,62,8,0,0,5,0,0,1,5,0,0,0,34,146,223,246,255,252,255,250,252,251,249,255,252,249,212,96,24,0,0,5,4,0,4,0,3,0,0,4,9,70,161,228,247,248,253,244,245,241,243,243,230,201,156,56,2,0,0,0,0,1,1,0,0,1,0,0,0,9,64,155,200,204,196,200,198,195,187,182,158,90,34,17,5,0,0,0,0,0,4,0,0,0,0,4,0,5,13,44,66,70,69,63,56,52,56,52,37,14,0,0,0,0,0,0,3,3,3,0,6,0,2,4,0,0,2,9,10,10,3,9,8,8,10,0,0,6,0,2,3,2,0,5,0,5
8,1,0,2,0,6,0,5,0,19,77,165,224,238,229,207,182,163,135,116,106,77,46,26,6,0,6,0,0,1,1,0,0,0,0,0,0,32,127,226,253,255,255,248,248,235,233,233,225,219,183,117,29,0,0,0,1,6,0,0,0,5,0,1,21,103,197,250,255,252,255,255,251,252,251,252,250,255,247,199,93,15,0,0,0,2,6,1,0,0,5,6,25,151,234,254,255,251,255,255,254,249,253,249,251,255,255,245,179,64,2,0,4,0,0,5,6,0,0,1,51,182,248,255,255,255,252,254,254,255,255,255,254,255,255,253,220,100,13,2,0,2,1,0,1,0,0,13,77,203,249,253,249,251,255,249,252,255,255,255,255,253,255,253,213,77,16,0,4,0,0,3,3,1,0,19,97,230,254,254,255,250,253,253,255,251,251,255,250,255,250,239,192,51,6,0,0,0,0,0,0,1,0,10,120,229,252,255,251,255,251,254,249,249,255,255,254,253,252,236,161,34,2,0,5,0,6,0,0,0,5,20,133,242,255,255,253,250,255,251,255,255,255,250,252,255,255,236,139,15,0,3,2,5,3,0,2,0,0,18,146,235,255,255,255,250,249,253,255,254,252,255,252,252,255,233,120,11,0,3,0,6,6,6,2,4,4,40,172,246,255,255,253,255,253,255,251,255,254,255,253,255,254,235,125,19,0,5,0,2,1,0,5,5,14,57,201,241,255,250,249,249,251,255,255,249,254,255,249,255,255,244,159,43,10,0,6,4,0,0,1,0,11,81,219,255,251,255,255,255,255,250,255,255,251,255,254,255,255,245,189,69,13,0,0,4,6,2,6,0,13,102,226,255,255,255,255,253,254,249,255,255,255,255,255,255,248,239,171,47,2,0,1,0,0,5,0,6,20,130,235,255,255,249,255,249,255,249,254,254,255,255,255,251,255,235,160,21,0,0,0,0,0,0,0,6,16,148,245,255,255,255,255,255,255,255,249,255,255,249,255,255,253,241,131,13,4,0,0,1,0,0,2,0,26,163,246,252,254,255,255,255,255,255,253,252,255,255,255,249,251,234,116,16,0,0,4,0,0,0,5,2,42,173,243,250,249,255,251,255,255,255,255,255,255,255,253,249,255,224,104,11,3,2,4,0,0,0,0,1,56,165,246,253,253,255,251,255,253,255,251,255,254,251,253,255,253,212,78,6,0,0,5,5,1,0,0,6,20,92,214,252,252,255,255,252,255,255,255,255,249,254,253,254,244,174,47,0,0,3,6,0,0,0,0,0,0,36,128,215,234,243,246,247,246,250,255,255,255,255,254,228,179,86,12,3,2,4,4,5,4,0,0,4,0,10,42,99,123,139,158,179,198,218,230,240,240,240,213,148,69,21,0,6,3,1,3,2,0,0,1,0,4,6,4,15,17,22,29,47,65,97,107,133,152,158,116,47,8,3,0,0,6,0,3,1,1,6,0,0,4,0,0,0,2,0,0,1,8,13,14,21,23,27,29,10,6,0,0,0,0,6,6,4,0,0,6,5,4,2,2,0,0,3,0,3,0,0,0,0,0,0,2,5,0,0,1,0,0,5,0,4,1,0,0,5,0,0,0,4,0,4,3,0,0,0,0,2,0,0,6,4,6,4,0,0,0,2,0,2,0,4,0,0,0,2,1,3,0,0,0,0,4,0,1,4,0,0,6,1,2,6,0,0,1,0,0,0,0,0,0,6,2,0,0,0,1,0,0,0,2,0,0,0,0,2,6,2,0,2,5,0,5,2,0
8,2,2,0,0,0,0,0,0,1,3,0,4,0,0,2,0,2,1,4,0,3,0,2,5,0,6,0,0,0,0,0,0,0,0,2,0,6,1,0,2,6,0,1,1,3,5,0,0,4,5,2,0,0,3,0,6,0,5,0,0,0,0,6,2,6,0,0,0,0,0,1,0,0,0,0,0,0,2,4,4,3,0,0,0,0,0,0,0,0,3,0,4,5,0,0,2,19,13,16,11,13,0,4,5,0,3,6,6,0,4,0,0,0,1,7,9,17,18,18,23,16,33,49,59,84,103,110,126,88,23,8,0,2,0,0,0,5,1,4,2,4,4,25,56,80,103,111,127,142,156,178,205,217,233,231,233,201,120,41,4,0,5,5,6,6,0,0,6,11,31,91,180,215,224,239,237,239,235,239,253,255,252,251,255,240,215,131,29,0,1,0,0,1,2,0,0,48,139,202,236,252,255,255,255,253,255,251,249,255,255,254,254,255,240,185,57,3,0,4,1,0,5,4,0,66,187,236,255,255,255,252,255,253,255,252,255,255,250,255,255,255,255,212,87,15,6,0,5,3,6,5,0,122,213,254,255,255,255,255,255,255,255,251,251,249,252,255,253,255,255,225,100,14,5,1,0,0,3,2,0,144,230,251,253,250,255,255,255,255,250,250,254,255,255,251,251,251,250,239,108,21,1,5,0,6,5,0,1,137,235,254,255,255,255,255,255,255,252,255,249,255,255,250,252,252,255,233,131,13,5,2,0,2,6,0,0,126,241,255,250,255,252,255,255,255,255,254,251,255,250,252,250,249,255,234,137,19,2,0,0,0,3,3,4,120,233,250,253,249,249,254,255,255,249,250,255,255,250,255,253,255,255,236,151,23,0,0,0,0,0,5,0,98,234,254,249,255,255,255,255,250,255,255,252,251,252,249,253,255,249,243,176,36,0,2,6,0,6,6,5,88,223,248,251,253,254,253,253,250,254,249,255,255,255,250,253,255,252,242,201,58,10,2,5,0,0,0,0,62,205,253,255,255,255,252,252,255,252,255,251,255,255,250,255,249,255,247,211,85,13,3,6,6,0,3,0,49,181,249,250,251,255,255,249,255,250,255,253,252,252,255,255,255,255,255,229,103,18,4,0,4,0,0,5,31,160,246,252,255,255,255,255,255,255,250,250,255,255,252,255,255,251,252,236,108,16,0,6,0,4,0,0,21,146,242,255,250,255,249,251,255,255,255,255,255,253,253,252,255,255,255,231,128,12,0,1,6,0,0,0,15,126,240,255,255,255,249,255,252,255,250,249,255,255,253,253,255,255,255,244,143,17,0,3,0,0,0,2,14,119,229,255,255,255,255,255,255,251,255,255,255,253,254,255,252,254,255,244,150,23,5,1,6,0,6,3,11,108,230,255,255,255,255,255,255,254,254,251,255,255,255,253,254,253,255,243,162,35,6,5,0,0,0,0,12,90,219,254,249,250,248,255,255,249,253,255,255,255,255,255,251,255,253,239,164,42,3,0,0,0,3,0,15,56,185,238,255,250,252,251,252,255,255,255,254,251,251,255,255,255,241,199,93,15,0,2,6,0,0,6,0,23,98,201,245,248,255,251,251,250,255,255,243,244,243,240,240,221,145,83,21,0,0,0,1,1,4,0,0,0,28,133,192,217,232,242,242,230,225,216,205,179,154,151,132,114,58,19,8,0,6,0,0,0,5,5,0,0,1,46,69,113,155,141,133,121,95,85,69,39,23,22,14,13,12,0,0,0,4,3,0,5,0,6
8,5,1,0,18,74,192,235,249,255,255,255,255,255,255,251,251,255,255,254,255,255,255,220,131,35,0,0,0,0,2,15,58,156,233,251,250,255,253,251,253,255,255,249,255,253,255,255,255,255,252,240,201,91,16,0,4,4,0,18,86,206,253,253,255,255,255,255,255,253,255,253,251,250,250,255,252,255,255,248,233,160,32,8,2,6,5,17,95,224,255,255,250,255,255,255,255,255,255,252,255,255,252,255,251,250,255,255,242,169,31,0,0,0,4,12,106,228,255,255,255,252,253,251,255,255,255,255,253,252,255,249,251,251,250,255,240,162,22,0,0,0,1,20,119,235,255,255,255,250,252,254,255,255,255,255,250,250,255,255,255,255,249,253,236,148,25,0,0,0,6,12,121,234,255,250,255,251,251,255,255,255,255,255,251,252,254,249,253,252,255,255,235,135,19,0,0,0,0,16,131,241,253,252,253,254,251,250,255,255,251,252,255,249,255,251,255,252,249,255,234,123,19,6,0,0,2,24,141,237,251,255,249,250,250,255,250,255,250,250,249,255,255,255,255,251,252,255,242,121,15,0,6,5,0,21,154,235,255,252,255,255,255,254,254,255,255,253,255,249,254,252,254,251,255,249,228,102,19,0,1,0,0,38,162,240,255,255,255,249,253,253,255,255,255,252,255,249,255,255,249,251,251,255,230,91,11,2,0,0,7,46,182,248,251,255,252,255,250,252,249,255,255,253,255,255,255,249,251,251,255,255,217,87,10,0,2,6,3,54,194,249,251,254,254,255,255,253,249,255,249,255,249,255,255,255,255,253,255,245,209,74,9,2,0,0,16,68,209,252,254,254,255,254,252,255,252,255,255,255,255,250,254,251,253,251,255,253,188,62,6,3,3,0,15,87,223,250,250,255,251,252,255,251,250,255,255,250,252,249,255,255,255,255,254,248,180,41,3,1,2,5,20,97,231,255,252,252,255,249,252,252,250,255,249,255,252,255,255,251,249,253,251,238,164,29,0,0,5,0,15,112,229,249,255,251,255,255,255,255,250,250,255,255,251,255,255,255,250,255,253,234,161,27,0,2,4,1,14,115,238,255,253,255,250,249,255,255,255,255,255,255,249,250,251,255,255,255,253,240,146,19,0,0,5,0,10,121,244,249,250,252,255,249,252,254,255,255,255,250,255,255,255,249,252,249,249,244,134,17,0,0,0,3,23,133,233,249,254,255,255,255,249,255,253,250,255,250,250,255,255,255,253,253,249,239,132,19,0,0,2,5,12,121,224,255,249,249,255,255,253,255,255,249,255,255,253,255,250,252,252,255,250,233,117,10,0,0,0,0,7,54,167,234,253,253,255,253,254,254,255,251,251,255,255,251,255,253,255,255,252,226,102,18,0,0,2,5,3,17,71,175,227,255,255,253,255,251,254,252,253,251,251,253,253,254,255,255,235,177,62,16,1,0,0,5,6,3,15,78,129,205,230,243,239,239,237,240,247,255,255,249,255,249,245,218,155,71,13,4,0,0,3,2,0,6,7,13,32,98,121,142,140,162,171,184,191,203,215,222,233,215,159,116,48,16,6,6,0,2,0,1,0,0,0,6,2,14,15,17,27,25,35,49,56,68,83,103,108,97,38,20,6,5,1,0,0,3,3,2,2,0,6,0,0,3,4,2,2,0,6,0,11,17,14,12,8,9,2,0,0,0,0,0,0,6,2,0,1,0,4,0,0,0,0,1,5,0,1,0,0,4,0,0,0,2,5,4,4,0,5,4,0,4,0
8,0,0,0,4,0,0,0,0,1,1,0,9,11,10,4,4,3,4,0,0,3,1,3,1,0,6,3,5,3,4,4,6,1,5,0,5,0,13,25,62,102,85,72,45,30,17,6,0,0,0,0,0,0,4,1,2,0,0,0,0,2,0,2,2,32,80,141,177,225,226,209,181,154,129,80,18,12,5,5,3,1,3,0,4,0,6,0,0,0,1,0,17,102,184,232,249,255,252,244,248,236,235,186,119,85,32,7,0,0,3,3,5,0,0,2,1,0,3,0,26,145,238,250,249,255,255,255,252,255,255,249,239,217,124,23,0,0,0,0,0,0,0,4,6,0,0,0,34,168,240,255,255,252,255,252,255,255,255,255,255,254,194,74,7,0,5,0,1,3,0,0,0,0,0,3,57,201,243,255,255,255,251,249,250,255,255,255,255,255,219,76,13,6,0,0,5,4,0,0,0,2,0,17,89,221,255,255,255,255,255,255,255,249,255,255,249,244,195,61,3,3,0,0,1,0,4,6,4,0,1,23,103,236,255,255,253,255,255,251,255,250,255,255,255,240,174,35,7,6,3,0,5,0,4,4,0,0,3,48,140,234,255,254,255,255,252,255,250,254,249,249,255,241,148,29,6,0,6,1,0,1,6,3,1,4,15,116,213,255,255,255,255,255,251,255,249,255,254,255,251,244,136,18,6,4,4,6,5,0,1,0,0,0,28,154,237,255,251,255,255,255,250,255,251,255,254,253,253,234,118,22,2,0,0,5,0,0,3,0,1,0,33,179,237,255,254,255,254,255,254,255,249,255,255,255,255,231,125,30,1,5,0,6,4,0,0,3,1,7,55,202,252,250,255,254,250,255,255,255,255,255,249,250,250,244,176,65,4,0,0,0,0,3,0,5,0,19,84,222,254,255,255,249,250,252,255,252,255,251,252,252,255,246,190,64,3,5,0,0,3,5,0,0,3,17,109,227,251,254,252,249,255,252,255,251,255,251,255,249,253,236,174,34,0,0,0,4,1,3,0,2,6,20,120,232,253,251,249,249,255,252,255,250,254,253,250,255,255,235,157,27,0,0,0,0,4,2,0,0,0,14,134,244,255,255,255,249,252,255,251,255,249,253,251,251,253,245,137,13,0,0,0,0,0,0,4,6,0,20,145,240,250,255,255,255,251,255,253,254,255,255,249,255,255,239,115,17,0,1,4,5,0,0,0,0,0,28,121,220,249,250,249,252,252,252,255,254,255,255,254,255,255,223,99,14,1,0,3,0,0,0,0,3,0,15,62,168,239,255,252,250,254,255,250,255,255,255,255,250,238,188,73,12,4,0,5,0,0,6,5,0,0,6,26,96,199,225,238,234,246,241,253,252,250,255,254,235,187,95,27,7,0,0,0,2,0,4,0,0,6,3,0,27,75,112,117,141,151,178,203,219,235,225,206,155,120,36,7,0,0,3,4,6,2,0,0,0,0,1,0,2,15,19,13,24,22,38,69,84,109,116,84,31,17,7,5,6,0,0,0,1,0,0,5,0,5,0,3,0,6,3,4,0,0,2,10,17,20,16,3,1,0,0,0,3,2,0,2,6,0,5,0,0,0,6,0,1,1,3,2,0,0,0,0,6,0,6,0,1,0,0,4,2,2,2,0,0,0,2,0,5,2,0,0,2,0,6,2,0,0,0,0,1,0,0,5,0,0,0,4,5,0,3,0,0,0,2,2,3,0,4,0,0,3,0,2,0,0,0,0,0,0,3,1,3,4,0,0,6,0,4,0,0,0
8,4,1,0,3,4,0,4,0,0,5,6,4,0,3,4,0,0,1,1,3,4,0,0,6,0,0,0,1,0,0,0,0,5,0,0,0,0,5,6,2,0,7,13,16,11,11,0,3,3,3,5,1,6,0,1,1,1,3,5,0,0,0,6,6,5,8,13,14,26,45,79,103,118,99,39,14,0,4,0,6,0,0,4,4,6,0,6,4,10,10,14,29,62,83,108,133,151,187,207,231,234,210,143,76,17,7,0,0,5,0,1,0,0,0,0,0,42,99,143,157,188,219,227,244,246,245,255,255,255,247,232,181,78,16,0,0,1,5,0,0,1,3,6,17,92,199,241,241,248,255,250,255,255,252,255,249,249,250,255,233,102,18,4,1,0,1,0,2,0,1,3,59,172,243,253,249,255,255,250,250,251,255,252,255,255,254,255,235,128,13,1,6,1,0,0,0,3,2,17,114,230,253,255,255,252,253,255,255,253,252,255,250,255,254,249,237,149,28,0,0,0,6,6,6,0,6,15,116,233,255,253,251,251,252,255,250,255,255,255,255,255,254,255,246,181,41,2,1,0,2,0,0,0,0,19,95,227,255,255,255,250,255,254,255,255,252,254,254,255,255,249,249,211,71,5,0,3,0,0,0,5,3,7,73,201,248,255,253,255,250,251,255,255,255,253,255,254,255,254,255,228,107,15,0,3,0,0,4,0,0,6,38,169,243,249,251,250,255,255,255,252,250,253,255,255,253,255,255,237,165,73,3,6,6,6,5,0,3,2,21,142,239,255,255,255,255,255,255,255,255,255,254,251,252,251,255,255,223,134,17,2,0,0,0,1,5,4,19,126,234,255,255,255,255,253,255,254,255,255,255,251,251,250,255,251,244,177,40,0,0,2,0,6,0,0,12,102,231,255,255,255,255,255,252,252,255,255,255,252,255,250,254,255,253,206,73,10,0,0,1,0,0,1,19,110,229,249,252,249,255,255,255,253,253,255,254,251,249,255,255,255,255,230,94,10,3,0,4,0,2,0,36,149,236,254,254,252,255,254,255,254,250,255,255,255,255,254,255,252,255,239,120,22,2,0,0,5,0,3,23,151,235,255,255,255,255,255,253,255,255,255,250,255,253,255,249,249,251,238,142,24,0,4,0,5,1,0,20,136,237,255,250,255,249,255,255,255,249,249,254,255,255,255,252,255,255,246,158,39,1,5,0,2,1,5,13,106,229,255,251,255,253,255,253,255,255,252,255,255,255,255,253,255,253,252,191,56,11,1,2,0,0,0,13,90,222,250,255,255,255,252,255,253,249,255,250,249,255,255,250,254,252,255,226,96,11,0,0,5,0,0,11,52,182,241,254,254,255,249,251,254,250,255,253,255,255,249,249,255,255,255,227,103,14,0,5,1,1,0,4,24,153,237,254,255,251,255,255,255,251,251,250,255,255,253,251,251,255,246,175,60,3,3,0,4,2,2,6,14,127,232,254,249,255,255,252,249,255,255,255,252,255,255,254,255,236,199,96,24,0,0,5,5,0,3,4,7,91,186,248,255,253,253,255,252,251,255,255,253,255,250,251,226,175,122,39,7,4,0,3,0,0,0,0,8,35,105,216,255,255,249,246,255,255,255,255,244,246,236,211,118,60,21,2,6,2,2,1,0,0,0,0,5,2,37,122,205,217,218,225,241,236,229,217,177,151,132,97,48,10,3,0,0,0,0,0,3,1,5,6,2,0,2,31,80,90,90,124,140,133,107,76,42,22,20,17,5,2,0,0,0,3,4,4
9,0,3,3,0,0,5,0,5,1,4,1,3,3,13,20,12,20,30,11,8,2,0,0,1,0,0,0,3,6,0,0,6,3,1,3,0,17,16,12,22,44,76,108,122,144,129,84,73,37,0,0,6,0,3,6,0,1,0,0,0,0,0,0,24,72,102,133,152,180,205,227,232,235,232,210,201,133,49,12,0,5,0,4,3,1,0,0,1,0,0,18,76,172,221,243,236,249,248,249,250,255,255,255,253,222,116,29,0,1,0,0,2,2,0,0,6,2,18,101,179,235,250,250,255,249,252,254,251,249,255,252,253,248,194,86,8,0,5,0,0,4,0,5,0,16,77,189,239,250,252,252,255,249,251,255,255,251,254,253,255,250,234,144,26,0,0,6,3,1,1,0,9,52,173,239,255,255,255,248,251,255,251,251,255,255,255,251,255,255,244,178,54,8,0,0,2,0,3,1,8,80,218,255,252,249,255,250,252,249,255,255,253,255,255,255,255,249,249,208,84,8,5,3,3,5,0,0,13,68,196,248,253,255,255,255,255,249,250,253,252,251,255,255,255,253,255,234,104,16,0,2,0,0,4,2,5,28,166,242,255,252,254,255,252,255,255,255,255,249,249,255,255,255,255,242,131,12,6,0,0,4,0,2,0,18,142,239,252,253,253,255,253,255,253,255,255,249,255,255,255,252,255,241,147,22,6,4,6,0,5,0,0,10,117,237,255,252,251,252,255,255,255,253,253,255,255,255,255,255,249,238,174,41,7,0,0,0,6,0,1,14,91,229,251,255,255,249,249,255,253,255,255,253,255,255,252,255,255,255,203,74,9,6,1,2,0,0,0,8,69,208,246,255,251,255,255,255,250,252,250,255,253,255,253,255,252,255,230,103,13,0,2,0,0,0,3,3,39,177,241,249,255,250,252,252,254,255,255,255,253,255,249,251,255,250,238,123,21,5,2,0,0,4,0,1,19,131,235,248,250,255,251,254,250,255,255,255,255,250,255,252,255,255,225,118,10,3,1,3,0,4,0,5,7,73,166,239,250,254,250,254,249,255,255,255,252,252,255,249,255,244,191,80,7,5,3,0,0,5,0,1,0,20,109,224,255,250,249,255,255,254,255,255,255,255,253,255,249,240,183,64,5,5,0,0,5,0,5,2,6,6,78,203,251,255,255,253,252,254,249,255,255,255,255,255,251,230,133,30,0,3,6,0,2,4,3,0,0,0,42,176,247,252,254,249,249,255,254,249,251,250,255,245,229,172,62,10,4,0,4,0,1,2,0,0,0,1,21,152,241,254,253,252,255,255,252,249,255,250,247,217,157,73,17,1,5,6,0,0,0,2,0,0,3,0,12,132,240,251,253,255,255,249,248,236,239,228,203,133,42,5,3,0,0,0,6,6,0,4,3,1,1,0,12,104,227,239,245,232,234,205,180,154,131,105,72,34,2,0,0,0,0,0,1,6,0,0,0,2,0,1,14,67,173,168,143,126,96,70,46,20,11,10,12,0,1,0,0,0,0,5,0,0,2,1,0,1,0,0,4,15,49,37,22,11,19,7,7,0,6,5,6,0,5,2,3,0,0,4,6,5,3,0,6,0,0,1,1,0,12,3,3,3,5,1,4,0,0,0,0,0,0,0,0,4,0,0,0,0,5,6,2,3,0,3,0,0,0,0,0,6,0,5,0,4,0,5,5,3,0,5,5,0,0,0,0,0,6,0,0,3,0,0,4,0,5,0,2,0,1,0,5,0,0,0,4,2,3,4,3,0,0,0,6
9,0,5,0,1,0,4,0,2,5,2,0,3,0,5,0,0,1,0,0,0,0,0,4,0,0,0,0,2,6,0,5,1,0,0,6,0,0,1,5,1,45,43,60,76,92,115,134,141,141,92,71,30,8,0,5,0,0,1,0,6,0,2,3,7,15,60,96,113,143,153,178,205,219,232,244,237,235,210,191,86,12,0,0,0,0,3,6,0,0,0,7,19,69,166,219,242,243,244,240,254,255,255,255,255,255,251,237,164,58,5,5,6,4,0,6,0,0,3,6,93,188,245,255,253,253,255,255,249,251,255,254,253,255,251,255,233,132,17,0,1,0,1,4,0,6,0,28,142,235,255,255,255,255,250,255,255,255,250,253,255,255,251,255,249,191,88,9,4,0,4,2,3,5,10,67,193,247,255,255,254,255,255,255,252,255,254,254,252,253,255,250,255,237,163,36,1,0,0,2,2,0,25,109,224,255,255,255,255,255,255,252,251,255,252,255,250,255,255,253,253,245,190,49,3,0,2,2,0,11,38,151,234,249,255,254,253,255,255,254,252,253,255,255,255,255,255,252,255,247,217,78,11,0,0,4,0,0,53,184,246,253,255,254,249,255,255,253,254,255,255,251,255,255,255,255,254,251,232,102,11,0,0,0,0,6,33,159,240,252,251,255,254,253,255,255,255,255,249,250,251,252,254,254,255,255,236,115,18,1,0,0,0,0,23,145,242,253,251,255,255,249,255,250,250,251,251,255,255,255,249,251,255,255,236,133,13,0,3,0,0,0,18,125,237,250,251,254,255,255,255,255,253,251,252,255,255,253,252,255,252,255,238,154,27,0,0,0,0,5,20,110,231,253,255,255,255,252,250,254,253,255,255,255,255,255,253,254,255,250,246,182,47,5,0,0,0,4,8,84,226,255,250,255,249,255,254,255,255,255,253,255,254,255,255,254,251,255,249,210,66,1,0,0,0,0,8,68,201,244,255,255,255,252,255,255,255,255,252,255,249,254,252,255,253,255,255,219,88,1,0,0,3,2,6,33,157,225,253,255,251,255,250,250,250,255,255,255,255,255,255,252,255,255,250,218,96,0,0,0,0,0,0,9,75,186,243,255,255,255,251,251,251,255,249,255,250,255,253,255,253,255,250,184,63,0,0,0,4,0,0,0,23,126,216,255,249,250,255,255,255,251,249,249,249,253,249,255,255,255,240,157,23,1,0,0,1,0,6,0,0,49,142,232,255,255,255,255,249,249,255,255,255,251,255,255,255,254,236,153,29,4,0,3,2,0,6,2,0,24,102,222,251,254,255,252,255,255,255,253,255,250,255,255,252,242,213,115,26,3,0,0,4,0,1,0,6,11,73,206,255,255,249,255,250,255,255,255,254,251,255,249,248,228,154,57,15,0,3,2,6,0,0,0,0,3,50,180,240,254,255,255,251,255,255,249,255,255,255,255,241,181,71,15,0,0,0,0,0,0,4,0,5,0,35,154,234,250,254,249,255,255,249,251,252,251,255,254,201,100,16,0,3,0,5,0,0,0,0,1,6,0,24,145,240,255,255,252,255,250,247,241,237,230,233,209,116,23,2,2,6,0,6,6,0,0,0,5,2,4,12,121,228,240,245,232,218,205,179,159,138,117,99,75,30,8,3,0,3,6,5,0,0,2,1,5,0,0,15,81,152,143,126,113,98,64,46,21,18,12,13,6,9,5,0,5,2,6,0,0,0,0,0,0,0,0,5,16,24,17,19,15,15,9,8,0,2,3,1,0,0,0,3,0,1
9,0,0,0,0,0,6,0,2,2,0,4,0,0,1,0,5,0,3,5,0,0,0,0,0,1,3,0,0,0,0,0,0,4,5,5,0,4,2,4,0,3,4,1,5,0,0,0,0,4,0,3,4,2,0,2,3,4,0,4,0,1,0,0,0,1,0,0,2,0,0,0,0,0,0,0,2,3,5,4,4,0,0,0,0,0,0,2,6,0,3,0,0,0,0,0,4,0,0,0,13,6,9,2,0,0,0,5,6,0,0,0,3,0,0,1,4,5,2,4,6,12,9,16,23,24,27,48,65,80,92,76,17,0,4,0,4,5,4,1,3,5,0,5,2,0,0,11,39,84,108,124,140,145,166,177,192,215,217,188,107,28,3,0,0,4,0,0,5,0,3,2,0,4,0,22,105,202,238,243,238,244,237,240,249,253,254,242,215,125,33,0,0,0,1,0,0,0,0,4,5,0,6,72,185,241,255,254,255,251,250,254,251,255,255,252,246,206,75,13,5,5,2,2,5,0,1,4,0,0,26,137,230,255,251,255,253,253,255,250,255,252,250,255,255,221,88,17,0,0,4,6,2,0,0,3,0,5,24,150,237,255,252,251,254,255,254,251,253,255,255,252,255,231,107,21,0,0,1,0,0,2,2,2,4,0,19,148,236,254,255,251,255,255,249,255,255,255,255,255,255,236,124,15,0,0,4,3,0,0,4,0,0,4,21,131,240,255,255,252,252,254,251,255,255,252,249,255,255,241,136,21,6,0,6,0,0,6,6,0,4,0,12,114,230,249,255,255,249,255,255,253,255,252,255,252,255,242,149,17,6,0,0,0,5,4,2,3,6,0,13,112,234,255,251,255,255,255,250,255,255,255,255,255,255,238,156,31,1,1,6,0,0,0,2,3,0,4,9,90,219,255,255,249,252,255,255,255,251,255,255,255,252,238,174,34,0,0,5,0,0,0,0,0,0,0,6,76,212,255,255,255,255,255,255,253,250,255,255,249,253,252,192,54,0,2,0,4,5,0,0,6,3,3,6,59,186,243,255,255,255,250,252,255,255,255,255,253,255,255,204,80,13,4,2,4,3,1,0,3,5,0,1,33,138,225,255,255,255,255,253,255,255,255,255,251,249,255,223,94,14,4,4,5,0,2,0,0,5,2,5,8,50,166,244,252,255,255,255,255,255,255,255,255,255,255,231,111,19,0,0,0,1,0,1,4,1,1,0,1,24,150,245,255,255,254,249,255,255,254,255,255,255,254,235,114,17,0,4,5,0,0,3,6,0,2,0,0,18,126,241,250,255,253,255,249,250,250,255,255,255,254,236,125,10,5,0,3,0,2,5,0,3,0,0,0,19,122,235,249,255,255,252,250,255,255,255,254,255,245,187,74,6,0,0,1,1,3,0,3,0,0,0,0,13,104,229,255,255,251,252,254,253,255,255,255,255,230,151,35,1,0,0,1,0,0,0,0,2,1,0,1,16,91,220,255,255,255,253,255,247,253,247,231,213,139,78,10,0,0,4,4,2,1,3,0,0,3,0,0,13,52,161,226,237,240,231,219,207,193,170,152,113,45,18,3,1,0,0,5,6,0,0,4,0,2,0,0,6,16,49,112,125,123,102,89,84,54,42,33,21,0,3,0,2,4,6,3,0,0,1,0,0,1,3,1,1,4,6,17,11,18,16,8,18,11,8,4,2,0,0,0,1,0,3,2,4,0,3,4,6,3,5,5,1,5,2,0,1,0,3,0,0,1,5,5,0,0,1,0,0,0,0,0,6
9,1,0,2,0,0,0,0,0,0,0,0,2,0,5,0,0,5,2,4,0,0,0,1,0,0,4,0,3,0,4,0,3,5,0,0,0,0,0,5,0,0,6,0,0,0,0,5,1,0,0,0,0,0,2,6,5,1,0,0,0,1,0,5,6,1,0,6,13,4,9,2,0,4,7,0,3,4,0,0,3,0,0,5,0,0,0,4,0,0,0,3,0,0,21,42,58,53,57,52,60,47,13,2,0,0,6,5,2,0,0,1,4,0,5,1,5,4,5,0,7,13,70,164,191,191,189,195,188,159,87,44,9,0,3,5,0,0,0,0,0,0,6,0,0,2,1,0,12,68,172,231,242,243,253,247,242,242,207,157,48,12,0,5,0,1,0,5,6,6,4,0,0,0,0,7,46,156,236,255,250,255,251,255,255,247,238,194,65,11,0,0,6,0,1,5,0,0,0,5,0,0,3,9,53,184,248,255,250,255,249,255,253,254,249,212,89,19,3,4,3,0,4,0,0,0,0,0,0,0,5,8,49,191,246,253,255,249,249,255,249,255,248,235,165,49,11,0,6,6,0,0,2,0,0,5,4,3,0,3,60,197,241,252,249,254,255,255,251,254,251,253,195,58,14,3,5,0,6,3,0,3,0,2,2,0,1,10,61,190,242,255,249,253,253,255,255,253,255,248,196,66,4,0,4,0,0,5,0,1,0,4,2,1,0,10,58,200,241,255,255,255,255,249,255,255,251,245,191,66,4,4,1,3,3,6,0,2,6,0,5,1,5,2,55,193,249,254,255,251,255,254,250,250,255,245,197,56,3,0,0,0,5,3,0,1,0,1,4,4,1,4,55,195,243,253,254,255,250,250,250,255,255,249,194,56,5,0,0,4,0,0,3,4,0,5,0,0,0,5,64,199,254,255,254,255,254,249,255,253,252,247,197,56,9,0,6,5,1,1,0,0,0,0,0,0,0,7,63,196,252,249,253,253,249,250,252,255,255,247,192,57,12,0,3,0,0,3,1,0,0,0,4,3,0,4,61,195,243,253,255,251,252,255,251,252,247,228,161,50,0,1,0,3,2,2,0,3,0,0,3,5,0,5,62,206,243,254,250,254,250,255,249,255,245,200,84,19,6,0,1,6,0,0,0,6,1,4,6,0,1,4,65,206,250,253,255,253,255,255,255,255,233,158,53,8,0,3,0,0,4,0,4,4,0,0,0,0,6,9,62,194,245,241,245,248,243,254,252,228,170,80,16,6,0,0,0,0,0,3,0,0,2,0,0,0,3,8,45,148,190,194,196,192,202,194,194,157,79,20,0,0,0,0,2,0,3,3,0,4,0,4,6,0,3,7,12,43,51,50,60,64,54,62,57,43,17,3,0,0,0,0,4,1,0,0,0,0,0,2,0,0,4,2,6,0,8,8,10,0,12,3,6,0,2,1,2,2,0,0,0,0,4,6,5,0,0,0,0,0,1,0,0,0,6,2,6,0,2,4,5,0,0,0,0,4,0,0,6,2,4,2,0,0,2,6,6,4,4,4,0,1,1,6,2,0,0,1,0,0,6,0,2,0,1,0,3,4,2,2,0,4,6,5,2,0,0,0,3,0,6,0,0,5,0,4,1,0,0,0,0,0,0,0,0,0,3,0,0,0,0,5,4,1,5,3,5,0,6,0,1,0,3,0,6,0,0,5,0,0,0,4,0,0,4,4,4,3,3,2,0,0,0,0,0,1,0,2,0,0,1,0,0,0,1,0,1,6,0,0,0,5,0,4,0
9,3,0,0,0,5,0,1,0,4,4,3,3,1,3,0,0,5,6,1,2,4,0,1,2,0,4,0,0,5,0,0,4,0,4,4,0,1,1,5,1,0,0,0,0,3,0,5,6,3,0,0,6,0,2,0,3,0,0,3,5,6,0,0,0,0,0,0,1,1,0,0,2,5,0,6,3,0,0,0,5,0,0,0,0,0,0,0,1,2,0,0,0,4,0,1,7,1,0,0,0,0,0,6,1,0,0,5,4,0,0,3,5,0,2,3,2,0,0,19,23,19,33,40,55,59,32,6,0,0,0,0,4,0,0,1,0,0,0,6,0,0,0,0,0,17,39,101,135,156,161,180,196,185,121,84,30,5,3,1,0,0,0,0,0,3,0,1,1,0,4,3,10,75,131,208,239,246,244,242,243,250,233,193,88,21,4,2,0,4,0,4,3,0,2,0,0,2,0,0,43,161,232,249,255,250,255,255,255,250,255,233,150,52,8,5,0,3,0,0,1,0,4,0,0,0,2,7,74,188,246,255,255,255,251,255,255,255,255,253,221,104,12,2,5,4,5,0,0,0,0,0,0,2,0,18,133,227,254,250,249,255,249,254,251,255,252,255,240,120,18,5,0,0,5,1,6,4,0,0,2,1,0,12,135,242,251,251,255,252,253,255,251,249,251,249,235,123,19,0,0,0,2,4,0,0,0,0,0,1,0,16,124,242,255,255,255,255,249,255,255,255,253,255,239,137,14,3,0,0,0,3,2,0,1,0,0,0,0,10,117,234,254,249,255,252,255,253,252,255,255,255,244,155,21,1,0,4,0,6,0,1,3,0,0,2,0,14,98,227,255,253,251,252,251,255,255,255,255,255,238,166,26,0,0,2,6,2,0,0,6,0,6,0,0,12,93,219,252,255,252,254,249,255,252,255,255,254,247,171,34,0,0,6,6,6,3,1,2,6,0,4,0,9,76,208,246,252,255,255,251,250,252,249,254,255,245,188,48,7,2,0,2,0,2,0,0,0,1,4,0,10,52,183,249,250,255,254,255,255,255,255,255,254,254,203,70,9,3,0,4,0,0,0,0,5,6,0,2,1,30,127,211,244,254,255,255,255,255,255,255,255,255,215,92,13,5,0,5,0,4,0,0,0,2,4,0,0,2,44,164,241,255,255,255,254,255,252,255,255,255,234,99,18,0,2,0,6,0,2,0,3,3,0,0,1,0,22,147,234,250,253,254,255,252,255,255,255,250,229,102,11,0,0,0,5,3,3,6,0,0,0,5,3,0,20,137,242,249,255,255,252,251,255,251,254,247,179,64,4,2,0,2,1,1,2,0,6,3,0,2,5,0,18,123,245,255,255,255,252,255,255,255,242,189,83,17,0,6,0,1,0,3,0,5,0,0,0,3,0,5,16,118,240,255,255,255,255,251,249,236,204,99,18,0,0,0,5,6,0,0,0,3,0,5,0,6,6,3,9,98,212,236,237,229,222,215,190,174,111,31,0,3,1,6,5,3,4,0,6,6,0,0,0,4,2,0,11,53,115,127,108,94,94,75,56,37,21,0,4,0,1,0,5,0,0,1,1,4,5,3,0,0,0,0,1,0,13,13,18,18,14,10,1,8,2,0,0,0,3,0,0,0,0,2,0,1,0,0,0,1,5,6,5,0,1,0,6,6,3,0,0,0,1,0,0,0,0,0,0,2,5,0,0,5,3,4,0,2,2,6,0,4,6,0,0,6,0,0,4,5,6,0,5,1,5,0,0,0,0,6,0,2,6,5
9,0,0,0,0,6,4,0,1,0,0,0,0,0,0,0,0,0,0,1,6,0,0,0,0,0,5,0,0,2,2,3,0,6,0,0,4,0,1,0,1,2,0,0,0,0,2,1,0,4,0,0,0,5,3,0,2,5,0,5,0,1,0,0,0,0,1,6,2,4,9,0,5,3,5,0,6,0,0,0,0,0,0,2,5,3,0,1,2,0,3,14,20,12,12,31,50,67,89,46,19,5,4,0,4,1,0,0,0,4,0,2,0,4,0,3,0,0,25,72,99,118,134,155,174,213,220,169,127,67,9,4,1,1,0,4,0,0,0,0,0,1,0,6,0,21,119,209,232,235,244,235,246,255,255,247,230,134,34,7,2,0,0,0,4,0,0,0,0,0,0,6,14,92,199,255,251,255,251,250,255,255,255,249,254,197,111,13,3,0,1,0,0,0,0,0,0,5,6,9,67,177,243,255,253,254,252,251,249,248,254,249,250,242,170,37,0,0,0,0,0,0,6,0,6,0,6,9,77,215,255,249,255,255,255,254,255,255,255,254,255,246,195,67,4,0,2,5,0,0,0,2,0,0,1,11,60,193,246,251,255,255,252,255,250,255,255,255,250,255,226,86,9,0,2,0,6,4,1,0,2,0,0,4,33,163,244,249,255,251,254,255,250,255,255,250,255,254,228,106,16,6,3,0,4,0,0,2,1,0,1,3,16,151,233,255,255,255,255,251,255,249,255,255,255,255,234,133,12,0,6,0,0,0,1,0,0,4,4,0,20,127,233,255,255,255,255,252,255,253,255,255,249,249,235,147,24,0,6,2,0,5,0,1,1,0,0,0,15,105,235,250,255,250,255,250,253,252,252,252,255,250,241,167,34,0,6,6,4,2,5,0,3,6,0,0,9,86,217,255,255,254,254,255,255,254,253,255,249,255,251,193,63,8,0,0,0,0,0,0,0,6,0,0,11,66,196,248,255,255,254,255,255,249,254,255,250,252,255,219,80,7,0,1,6,0,6,0,0,0,0,0,0,35,166,243,255,255,255,254,249,254,255,250,248,255,250,210,87,14,0,1,5,6,0,6,0,0,0,0,0,26,134,216,247,252,255,255,255,255,250,249,255,255,241,163,38,0,0,3,0,3,0,0,5,5,1,0,0,9,54,142,213,250,255,255,251,255,250,253,255,255,236,135,20,0,0,2,3,0,0,0,0,0,5,0,2,1,12,52,128,230,254,255,254,255,252,252,252,238,188,70,7,0,4,0,4,0,0,2,0,0,4,0,6,2,0,12,94,218,255,253,250,253,255,255,245,204,107,32,6,5,0,0,0,2,2,4,0,1,0,0,0,1,2,10,62,200,245,255,255,255,254,243,223,134,42,6,6,0,1,0,6,2,5,0,0,4,0,6,6,0,5,3,41,169,227,236,235,217,200,168,133,57,10,5,0,0,1,0,0,5,0,6,5,0,0,0,0,6,6,0,15,99,142,129,106,93,65,32,26,6,0,0,0,0,2,0,0,5,0,0,0,0,0,5,0,0,0,3,2,14,16,19,20,13,13,5,3,2,2,0,4,6,0,4,4,0,5,1,0,0,4,3,0,0,0,6,4,0,5,4,0,0,0,0,6,6,0,0,3,0,2,0,6,3,0,2,4,1,0,0,0,0,0,2,6,0,5,0,0,6,1,0,0,0,1,5,6,0,1,4,0,4,5,0,3,0,2,0,6,0,1,0,2,0,6,1,1,0,6,1,0,4,3,3,0,0,1,0,0,3,6,6,0
9,2,0,0,3,2,0,2,3,3,0,1,0,0,3,0,1,0,4,0,3,6,0,5,6,0,0,0,1,0,0,0,1,0,3,0,5,0,0,0,1,8,13,17,11,0,6,0,1,4,5,6,1,4,2,0,3,0,6,2,0,2,2,2,14,11,18,22,46,85,105,125,101,48,18,6,0,3,0,0,6,2,4,4,0,6,6,0,0,0,6,43,75,103,130,158,183,214,236,232,219,156,94,30,6,0,0,0,0,0,5,6,0,0,1,6,1,11,51,149,215,236,237,244,245,253,255,255,252,233,199,91,21,1,5,0,4,6,2,0,2,0,0,0,0,20,111,205,248,255,255,251,253,249,255,255,249,255,244,164,71,9,5,2,6,0,0,6,5,4,0,1,11,83,185,244,250,254,250,251,254,255,255,254,253,250,251,225,138,16,1,3,4,0,0,0,0,1,0,0,26,123,226,255,254,255,255,250,254,255,255,254,255,255,255,241,165,41,0,6,0,0,0,0,0,5,5,0,49,160,242,255,252,255,255,255,255,251,252,249,255,253,255,243,200,74,5,3,3,2,0,3,0,5,3,6,68,191,245,255,255,255,252,255,255,255,253,253,255,255,255,255,233,96,9,2,0,6,0,0,0,5,0,0,44,174,245,252,254,255,255,252,253,250,255,255,252,255,249,255,235,120,21,0,0,1,1,0,2,3,6,0,19,152,237,255,255,253,255,255,255,255,251,252,255,255,255,255,235,142,17,3,0,0,0,0,5,0,0,0,10,117,232,250,255,252,253,255,254,255,255,255,251,254,249,255,244,177,39,0,0,2,0,0,0,0,0,0,15,94,232,251,255,254,254,253,250,255,251,255,251,255,255,250,241,199,66,4,2,6,4,4,0,4,0,0,9,65,203,254,253,251,255,255,255,255,253,250,255,250,250,255,242,162,46,0,0,0,0,0,0,0,3,5,0,30,158,235,252,255,251,255,254,255,255,255,252,255,255,254,234,130,28,1,0,0,2,2,3,4,3,0,0,16,85,180,244,252,251,248,251,255,255,255,253,254,255,251,234,128,14,0,2,4,0,2,0,0,3,0,1,0,18,121,214,247,253,254,250,253,255,252,251,252,254,248,201,103,22,0,1,0,0,0,0,3,0,0,6,2,9,52,142,236,250,252,255,255,250,255,254,255,255,226,155,54,9,0,4,4,0,2,4,5,0,0,1,6,0,18,74,204,246,250,255,253,255,252,255,255,252,195,78,13,0,6,3,0,0,4,3,0,6,0,0,0,0,0,35,158,238,255,251,255,255,255,252,244,217,129,30,0,0,0,5,0,1,0,0,0,0,0,0,0,0,6,18,136,243,255,255,255,255,243,234,178,101,37,0,0,1,5,4,0,0,0,1,4,1,0,5,0,2,4,12,116,219,236,236,231,210,171,135,83,23,7,1,5,6,0,0,4,0,3,0,3,0,6,0,0,2,3,11,75,155,148,121,105,74,35,22,16,0,0,0,5,0,0,5,6,6,0,6,0,0,1,0,2,0,3,0,21,31,24,21,19,7,1,0,3,0,1,0,0,0,0,0,2,0,3,0,4,0,0,3,3,0,0,6,1,0,0,1,0,0,0,0,1,0,4,5,0,0,0,0,5,0,5,2,3,0,0,0,0,0,0,0,5,0,1,3,0,0,0,0,0,2,0,0,0,0,0,5,0,0,0,0,0,0,1,3,0,3,0,5,0,0,1,0,0,4,6,6,0,2,0,6,1,6,0,1,0,0,0,0
9,0,0,2,0,0,0,0,0,0,3,0,0,0,1,0,0,0,1,0,0,0,3,5,0,3,0,0,0,6,0,4,6,5,2,4,0,1,0,6,4,0,5,1,0,0,0,6,6,5,4,0,0,2,1,6,1,4,4,0,0,0,0,3,0,0,0,1,5,0,1,0,2,6,3,6,4,0,0,2,0,0,0,2,0,4,6,2,0,0,0,0,0,0,0,0,10,11,18,8,6,0,0,0,6,0,0,0,3,0,0,6,0,0,0,4,0,0,7,10,21,21,23,36,67,86,87,75,23,14,0,0,0,3,0,0,0,0,0,4,3,3,0,6,5,20,49,108,134,150,161,174,201,221,217,194,141,108,34,6,6,0,0,0,4,0,4,0,0,0,5,18,61,91,139,208,233,237,234,246,248,255,254,249,236,210,142,66,14,4,0,1,0,5,0,0,3,0,7,61,166,221,237,248,255,252,249,255,252,252,249,255,255,254,230,170,63,14,0,5,6,0,0,6,4,6,22,131,228,252,255,253,249,251,254,255,254,255,255,252,255,255,255,229,117,32,5,6,2,1,3,0,0,0,41,166,241,255,255,255,249,249,254,254,255,253,255,253,252,255,249,247,197,98,12,0,0,0,0,0,3,6,95,202,249,254,255,253,255,251,255,255,254,255,253,255,255,255,251,255,233,133,22,0,0,0,0,4,0,16,113,226,249,255,255,252,252,255,254,254,249,255,255,252,252,255,253,255,241,149,25,2,0,0,0,0,2,16,113,234,254,255,252,255,255,249,252,255,251,254,255,255,250,255,254,255,240,158,33,3,1,0,0,6,6,12,101,221,255,250,255,255,254,249,251,251,253,252,253,255,255,254,251,249,247,171,44,1,0,5,6,3,0,13,78,220,251,255,255,254,253,255,249,255,249,254,255,252,255,255,255,255,252,199,62,12,0,6,3,5,0,5,66,195,243,252,255,254,255,255,255,249,252,255,255,255,255,255,253,255,249,210,82,8,0,3,0,0,2,4,46,182,238,255,251,255,255,251,255,255,250,255,255,255,255,255,255,250,255,223,103,14,1,2,4,0,0,2,31,156,235,253,255,250,255,253,250,254,252,255,252,255,255,250,252,255,255,237,115,21,5,0,0,0,0,0,24,141,239,249,255,255,255,253,250,254,255,252,255,250,255,255,251,255,255,231,127,11,6,0,0,0,1,2,11,116,221,249,255,254,255,252,255,255,249,255,255,250,254,255,250,255,249,237,128,20,3,0,4,0,0,2,7,56,152,243,255,255,253,255,254,255,255,255,255,255,252,255,250,249,253,214,109,18,0,3,0,0,0,2,5,19,107,226,255,250,255,251,255,252,250,255,255,249,249,255,252,255,240,183,54,2,1,2,0,6,0,4,0,11,93,224,249,254,254,249,250,253,255,255,255,255,253,255,255,255,243,166,35,6,0,6,6,1,0,1,0,16,67,205,253,254,251,250,255,255,254,255,255,249,254,251,249,247,207,99,19,0,0,0,0,4,0,1,0,0,53,187,245,249,255,255,253,249,255,255,255,252,254,255,255,221,129,31,0,3,4,2,0,0,1,1,0,0,29,170,247,255,255,249,255,255,249,255,255,255,244,236,230,142,52,11,3,0,3,6,5,6,4,5,0,0,28,140,234,249,253,251,252,250,255,253,246,231,182,135,106,57,10,0,0,5,0,0,2,0,0,1,0,0,10,111,195,242,239,234,230,232,218,200,187,157,89,31,9,4,0,1,0,6,4,0,0,0,1
9,0,0,4,5,2,2,1,0,4,16,69,80,48,22,22,11,9,0,6,4,0,0,3,0,1,0,0,0,5,3,2,4,0,2,0,7,36,109,187,209,179,155,134,111,74,50,31,16,20,16,1,2,0,2,0,4,2,0,0,1,1,6,15,52,143,213,255,254,241,233,239,237,213,186,150,130,110,77,42,19,0,3,0,0,0,0,0,6,4,6,39,112,227,252,253,255,255,249,255,255,249,243,244,238,236,210,172,128,37,7,0,0,3,0,4,0,3,12,105,205,252,249,250,253,250,255,255,255,255,255,251,251,253,255,239,208,108,22,0,0,0,0,0,2,0,27,149,236,254,252,249,255,255,255,255,255,255,255,251,252,253,253,250,238,180,70,0,4,1,5,3,0,7,44,176,238,254,255,250,255,255,254,252,249,255,255,253,255,250,253,253,254,228,115,9,0,0,0,0,0,7,75,218,255,255,253,255,255,251,253,255,255,251,255,255,255,249,255,255,254,225,107,23,0,1,0,4,0,17,106,233,253,255,254,255,250,255,251,252,249,251,255,255,255,255,255,255,248,230,117,29,7,1,0,4,0,23,134,237,254,250,255,255,255,254,255,255,255,255,255,255,255,255,255,250,253,238,156,34,0,3,1,0,5,28,151,237,249,250,255,255,255,252,255,251,253,255,255,255,255,251,248,255,252,239,147,21,0,3,0,1,0,46,183,245,255,255,255,252,250,254,253,255,255,255,255,255,253,255,255,255,251,243,125,21,1,0,6,3,16,70,201,255,250,250,255,252,251,255,255,250,255,255,251,255,255,252,252,250,255,230,103,21,2,4,0,4,11,74,193,247,255,255,255,249,255,251,253,253,252,255,254,255,255,254,252,255,245,212,70,6,0,0,0,4,4,30,148,240,252,254,250,254,253,253,254,255,255,255,253,255,255,255,254,255,239,173,43,2,1,1,0,0,2,11,123,224,255,253,255,250,249,255,249,253,249,255,255,255,251,254,255,255,245,150,20,1,4,0,3,3,0,9,71,192,244,255,252,255,255,255,250,255,255,255,255,253,253,250,255,251,232,126,13,1,0,0,6,0,2,9,81,213,245,255,254,249,255,255,250,249,250,253,255,253,255,251,249,255,233,99,9,1,0,0,5,4,6,17,109,227,251,255,252,253,255,254,251,250,251,251,255,254,255,255,255,245,202,72,12,5,0,1,0,3,3,14,128,238,253,250,255,253,255,255,255,255,255,255,252,255,255,255,249,207,111,28,1,3,5,6,2,3,3,29,147,233,250,249,255,255,255,255,255,255,254,255,250,255,255,251,236,148,37,0,3,0,0,0,2,0,6,41,181,246,253,251,249,255,255,255,255,249,255,255,254,252,254,251,226,116,13,0,0,3,1,0,0,0,10,67,204,251,255,254,255,255,255,250,252,249,255,251,251,253,255,227,151,60,3,0,0,3,2,3,0,1,7,74,196,234,235,235,249,254,255,255,252,255,255,251,255,249,229,172,62,8,4,0,6,0,1,0,0,0,6,25,74,107,136,160,180,218,228,232,242,237,238,239,233,199,138,64,9,6,0,0,4,0,0,6,3,5,0,1,0,0,44,53,66,87,113,135,156,179,155,122,126,94,40,10,5,0,0,5,0,3,2,1,0,0,0,0,0,0,0,0,0,1,4,45,48,62,37,19,12,9,0,1,6,4,0,4,0,1,0,0,1,2,0,0,5,0,0,0,0,0,0,2,3,3,3,0,6,6,3,0,5,5,0,0,0,0,0
9,4,0,0,3,0,0,6,0,2,0,6,0,6,0,0,6,0,0,0,3,2,0,0,0,1,0,0,0,5,6,2,4,3,0,0,3,0,6,0,0,0,1,6,0,3,0,6,0,0,3,0,0,5,0,0,0,4,0,0,4,0,0,5,5,2,0,3,2,0,5,0,5,0,4,0,0,0,5,5,0,0,4,0,2,0,0,0,0,5,5,3,0,0,0,2,0,0,0,5,4,0,6,3,0,0,0,5,6,1,0,0,0,5,0,3,5,1,0,5,0,0,5,0,0,0,3,5,2,2,0,0,3,4,6,0,4,0,0,0,3,0,0,0,3,0,0,0,0,3,2,0,5,5,8,3,5,2,7,7,4,3,0,2,0,6,0,0,6,0,3,4,2,0,0,6,0,3,4,11,47,53,50,55,64,65,58,49,14,5,0,5,6,5,0,0,0,0,0,0,0,1,0,0,0,9,26,73,166,188,189,199,194,192,194,155,83,44,20,5,0,0,0,0,0,0,0,0,0,0,0,1,0,23,80,179,237,244,246,251,241,252,249,238,207,163,76,20,4,0,0,0,6,2,0,0,1,0,0,0,9,59,169,236,249,255,255,253,255,249,255,249,250,223,152,43,0,5,2,1,1,0,0,0,0,0,0,1,16,86,211,254,255,251,255,253,250,255,255,252,255,245,185,57,6,0,6,0,5,5,5,4,1,0,0,0,46,167,236,255,250,255,252,255,255,253,255,252,254,254,204,91,23,3,0,0,0,4,0,4,2,1,5,6,66,200,244,255,255,253,254,250,254,254,255,255,255,251,229,167,50,11,5,0,3,2,6,1,0,3,0,10,62,199,249,255,255,250,251,249,227,245,255,250,254,255,239,186,55,2,5,0,0,6,0,0,0,0,0,9,60,200,252,251,255,255,254,225,181,221,250,252,255,255,250,193,56,3,3,0,5,0,5,0,0,2,0,2,64,196,250,255,250,255,255,247,224,240,251,255,251,253,244,200,63,8,2,0,6,6,3,0,2,0,3,4,60,198,244,255,255,255,251,252,254,255,251,253,248,255,244,192,62,7,2,1,0,0,0,2,2,0,1,7,45,171,241,249,248,255,255,255,255,251,255,255,250,251,246,193,61,12,2,0,0,1,1,3,0,0,6,1,20,94,211,249,255,255,250,255,252,250,255,251,251,249,247,196,56,10,0,1,0,0,1,5,1,1,1,2,10,59,196,240,249,255,250,255,255,255,251,255,255,255,240,194,57,3,3,0,0,0,0,0,0,0,0,0,3,49,197,245,252,254,254,255,250,252,252,255,255,250,242,168,50,11,4,1,0,1,4,2,0,5,0,0,3,47,188,247,255,255,251,255,255,255,250,255,252,247,217,91,14,0,4,5,0,0,0,0,0,0,0,2,5,46,186,245,249,249,255,254,255,255,255,255,255,248,194,63,13,1,0,0,2,3,0,0,4,1,0,5,2,46,183,245,255,252,251,254,249,255,249,251,255,233,166,45,12,0,0,1,5,6,0,4,4,5,0,0,8,36,157,233,252,255,255,255,255,255,255,255,245,202,90,15,0,0,2,1,6,0,2,1,0,0,5,0,0,13,72,175,229,251,244,250,246,246,245,232,207,155,55,13,0,3,5,1,4,0,0,5,0,0,0,3,0,2,20,73,166,195,198,191,191,194,196,164,91,50,11,2,6,4,0,0,0,0,2,3,1,1,0,6,0,0,1,10,44,55,61,65,57,52,56,44,14,6,5,0,0,1,0,0,3
